program_name,breakpoint,round,hamming,mips,logloss
3sum,400239,0,0,0.00000,0.00000
3sum,400239,1,0,22.30,0.00000
3sum,400239,2,125,2639.60,24.4
3sum,400239,3,2,2961.76,35.2
3sum,400239,4,2,3079.76,28.1
3sum,400239,5,4,3181.09,32.9
3sum,400239,6,2,3216.09,28.3
3sum,400239,7,2,3256.57,25.2
3sum,400239,8,2,3286.05,22.4
3sum,400239,9,4,3313.58,25.7
3sum,400239,10,2,3319.46,23.4
3sum,400239,11,2,3333.86,21.9
3sum,400239,12,2,3345.74,20.2
3sum,400239,13,4,3355.75,18.9
3sum,400239,14,2,3357.21,17.7
3sum,400239,15,2,3364.76,17.3
3sum,400239,16,2,3371.39,16.3
3sum,400239,17,7,3379.46,19.4
3sum,400239,18,3,3378.59,18.4
3sum,400239,19,2,3383.22,17.7
3sum,400239,20,2,3387.36,16.9
3sum,400239,21,4,3391.11,16.3
3sum,400239,22,2,3394.44,15.6
3sum,400239,23,2,3394.32,15.7
3sum,400239,24,2,3328.40,15.0
3sum,400239,25,4,3294.50,14.7
3sum,400239,26,2,3231.00,14.1
3sum,400239,27,2,3204.81,14.5
3sum,400239,28,2,3167.53,14.0
3sum,400239,29,4,3140.16,13.9
3sum,400239,30,2,3108.55,13.5
3sum,400239,31,2,3087.30,13.2
3sum,400239,32,2,3056.16,12.8
3sum,400239,33,7,3037.15,14.6
3sum,400239,34,3,3020.71,14.2
3sum,400239,35,2,3025.84,13.9
3sum,400239,36,2,3036.37,13.5
3sum,400239,37,4,3046.43,13.3
3sum,400239,38,2,3055.99,12.9
3sum,400239,39,2,3065.07,12.7
3sum,400239,40,2,3073.70,12.4
3sum,400239,41,4,3081.96,12.3
3sum,400239,42,2,3089.84,12.0
3sum,400239,43,2,3097.36,11.9
3sum,400239,44,2,3104.56,11.7
3sum,400239,45,4,3111.44,11.5
3sum,400239,46,2,3118.02,11.2
3sum,400239,47,2,3124.33,11.1
3sum,400239,48,2,3125.96,10.8
3sum,400239,49,7,3131.69,11.4
3sum,400239,50,3,3137.30,11.2
3sum,400239,51,2,3142.73,11.3
3sum,400239,52,2,3147.93,11.1
3sum,400239,53,4,3152.93,10.9
3sum,400239,54,2,3157.75,10.8
3sum,400239,55,2,3162.37,10.6
3sum,400239,56,2,3165.70,10.4
3sum,400239,57,4,3148.21,10.4
3sum,400239,58,2,3135.74,10.2
3sum,400239,59,2,3119.72,10.2
3sum,400239,60,2,3104.06,10.1
3sum,400239,61,4,3089.35,9.9
3sum,400239,62,2,3079.00,9.8
3sum,400239,63,2,3065.36,9.8
3sum,400239,64,2,3047.74,9.7
3sum,400239,65,9,3028.76,11.0
3sum,400239,66,3,3013.52,10.8
3sum,400239,67,2,3008.53,10.7
3sum,400239,68,2,3003.71,10.6
3sum,400239,69,4,2998.70,10.4
3sum,400239,70,2,2994.08,10.3
3sum,400239,71,2,2989.64,10.5
3sum,400239,72,2,2985.33,10.3
3sum,400239,73,4,2981.09,10.3
3sum,400239,74,2,2976.97,10.2
3sum,400239,75,2,2972.99,10.1
3sum,400239,76,2,2969.11,10.1
3sum,400239,77,4,2965.32,10.1
3sum,400239,78,2,2961.62,10.0
3sum,400239,79,2,2957.80,10.1
3sum,400239,80,2,2954.17,10.0
3sum,400239,81,7,2950.72,10.2
3sum,400239,82,3,2947.35,10.1
3sum,400239,83,2,2944.04,10.0
3sum,400239,84,2,2940.04,9.9
3sum,400239,85,4,2928.61,9.8
3sum,400239,86,2,2917.85,9.7
3sum,400239,87,2,2906.74,9.6
3sum,400239,88,2,2896.53,9.5
3sum,400239,89,4,2884.03,9.7
3sum,400239,90,2,2874.99,9.7
3sum,400239,91,2,2865.95,9.6
3sum,400239,92,2,2857.37,9.5
3sum,400239,93,4,2848.81,9.4
3sum,400239,94,2,2839.83,9.5
3sum,400239,95,2,2831.71,9.5
3sum,400239,96,2,2823.99,9.4
3sum,400239,97,7,2813.99,9.6
3sum,400239,98,3,2806.67,9.5
3sum,400239,99,2,2803.61,9.6
3sum,400239,100,2,2800.60,9.7
3sum,400239,101,4,2794.04,9.6
3sum,400239,102,2,2792.92,9.5
3sum,400239,103,2,2789.49,9.6
3sum,400239,104,2,2782.47,9.5
3sum,400239,105,4,2775.61,9.5
3sum,400239,106,2,2769.55,9.4
3sum,400239,107,2,2762.98,9.3
3sum,400239,108,2,2753.30,9.3
3sum,400239,109,4,2747.04,9.3
3sum,400239,110,2,2741.49,9.2
3sum,400239,111,2,2735.88,9.1
3sum,400239,112,2,2730.25,9.1
3sum,400239,113,7,2724.87,9.3
3sum,400239,114,3,2719.52,9.2
3sum,400239,115,2,2714.27,9.2
3sum,400239,116,2,2707.59,9.2
3sum,400239,117,4,2701.50,9.2
3sum,400239,118,2,2696.26,9.1
3sum,400239,119,2,2691.70,9.1
3sum,400239,120,2,2687.01,9.0
3sum,400239,121,4,2682.43,9.0
3sum,400239,122,2,2677.91,8.9
3sum,400239,123,2,2673.68,9.0
3sum,400239,124,2,2668.96,8.9
3sum,400239,125,4,2664.32,8.9
3sum,400239,126,2,2660.09,8.9
3sum,400239,127,2,2655.99,8.8
3sum,400239,128,2,2649.51,8.8
3sum,400239,129,9,2644.87,9.5
3sum,400239,130,3,2640.74,9.4
3sum,400239,131,2,2641.07,9.4
3sum,400239,132,2,2641.32,9.3
3sum,400239,133,4,2641.60,9.4
3sum,400239,134,2,2641.91,9.3
3sum,400239,135,2,2642.20,9.4
3sum,400239,136,2,2642.49,9.3
3sum,400239,137,4,2642.75,9.4
3sum,400239,138,2,2643.01,9.4
3sum,400239,139,2,2643.23,9.3
3sum,400239,140,2,2643.46,9.3
3sum,400239,141,4,2643.68,9.2
3sum,400239,142,2,2643.80,9.2
3sum,400239,143,2,2643.98,9.1
3sum,400239,144,2,2644.39,9.1
3sum,400239,145,7,2648.32,9.2
3sum,400239,146,3,2652.03,9.1
3sum,400239,147,2,2655.69,9.1
3sum,400239,148,2,2659.33,9.0
3sum,400239,149,4,2662.83,9.1
3sum,400239,150,2,2664.53,9.1
3sum,400239,151,2,2667.73,9.0
3sum,400239,152,2,2665.62,9.0
3sum,400239,153,4,2664.55,9.0
3sum,400239,154,2,2662.40,8.9
3sum,400239,155,2,2661.33,9.0
3sum,400239,156,2,2659.31,9.0
3sum,400239,157,4,2658.30,9.0
3sum,400239,158,2,2656.33,8.9
3sum,400239,159,2,2655.34,8.9
3sum,400239,160,2,2652.55,8.8
3sum,400239,161,7,2652.31,8.9
3sum,400239,162,3,2650.42,8.9
3sum,400239,163,2,2648.19,8.9
3sum,400239,164,2,2648.62,8.9
3sum,400239,165,4,2647.71,8.9
3sum,400239,166,2,2647.59,8.9
3sum,400239,167,2,2644.44,8.9
3sum,400239,168,2,2639.65,8.8
3sum,400239,169,4,2637.61,8.9
3sum,400239,170,2,2632.69,8.9
3sum,400239,171,2,2631.83,8.9
3sum,400239,172,2,2631.55,8.9
3sum,400239,173,4,2628.02,8.9
3sum,400239,174,2,2624.69,8.9
3sum,400239,175,2,2621.68,8.8
3sum,400239,176,2,2618.33,8.8
3sum,400239,177,7,2615.39,8.9
3sum,400239,178,3,2612.22,8.9
3sum,400239,179,2,2609.35,8.9
3sum,400239,180,2,2606.25,8.8
3sum,400239,181,4,2603.27,8.8
3sum,400239,182,2,2600.43,8.8
3sum,400239,183,2,2597.45,8.8
3sum,400239,184,2,2594.47,8.7
3sum,400239,185,4,2592.02,8.7
3sum,400239,186,2,2589.30,8.7
3sum,400239,187,2,2586.61,8.7
3sum,400239,188,2,2583.76,8.6
3sum,400239,189,4,2581.21,8.6
3sum,400239,190,2,2578.57,8.5
3sum,400239,191,2,2573.39,8.5
3sum,400239,192,2,2569.08,8.5
3sum,400239,193,9,2562.28,8.6
3sum,400239,194,3,2559.46,8.5
3sum,400239,195,2,2557.03,8.6
3sum,400239,196,2,2554.34,8.6
3sum,400239,197,4,2551.36,8.6
3sum,400239,198,2,2548.66,8.5
3sum,400239,199,2,2534.56,8.5
3sum,400239,200,2,2524.02,8.5
3sum,400239,201,4,2520.66,8.6
3sum,400239,202,2,2520.78,8.6
3sum,400239,203,2,2520.69,8.6
3sum,400239,204,2,2517.94,8.5
3sum,400239,205,4,2515.25,8.5
3sum,400239,206,2,2513.01,8.5
3sum,400239,207,2,2511.35,8.5
3sum,400239,208,2,2501.90,8.4
3sum,400239,209,7,2500.76,8.6
3sum,400239,210,3,2497.91,8.6
3sum,400239,211,2,2492.55,8.5
3sum,400239,212,2,2491.01,8.5
3sum,400239,213,4,2489.13,8.6
3sum,400239,214,2,2487.36,8.5
3sum,400239,215,2,2485.43,8.5
3sum,400239,216,2,2482.14,8.5
3sum,400239,217,4,2480.32,8.5
3sum,400239,218,2,2478.51,8.5
3sum,400239,219,2,2476.56,8.4
3sum,400239,220,2,2474.77,8.4
3sum,400239,221,4,2473.33,8.4
3sum,400239,222,2,2471.19,8.4
3sum,400239,223,2,2469.61,8.3
3sum,400239,224,2,2467.85,8.3
3sum,400239,225,7,2466.07,8.3
3sum,400239,226,3,2463.95,8.3
3sum,400239,227,2,2461.92,8.3
3sum,400239,228,2,2457.31,8.3
3sum,400239,229,4,2452.09,8.2
3sum,400239,230,2,2447.16,8.2
3sum,400239,231,2,2443.10,8.3
3sum,400239,232,2,2440.29,8.2
3sum,400239,233,4,2438.55,8.2
3sum,400239,234,2,2435.07,8.2
3sum,400239,235,2,2431.64,8.2
3sum,400239,236,2,2431.09,8.2
3sum,400239,237,4,2424.29,8.1
3sum,400239,238,2,2417.35,8.1
3sum,400239,239,2,2412.48,8.2
3sum,400239,240,2,2408.55,8.1
3sum,400239,241,7,2410.04,8.2
3sum,400239,242,3,2409.70,8.2
3sum,400239,243,2,2409.90,8.2
3sum,400239,244,2,2409.57,8.2
3sum,400239,245,4,2409.76,8.2
3sum,400239,246,2,2408.91,8.1
3sum,400239,247,2,2409.54,8.1
3sum,400239,248,2,2409.23,8.1
3sum,400239,249,4,2409.42,8.0
3sum,400239,250,2,2408.48,8.1
3sum,400239,251,2,2408.91,8.0
3sum,400239,252,2,2407.76,8.0
3sum,400239,253,4,2408.55,8.0
3sum,400239,254,2,2408.24,8.0
3sum,400239,255,2,2408.41,8.0
3sum,400239,256,2,2408.88,8.0
3sum,400239,257,10,2405.37,8.2
3sum,400239,258,3,2402.61,8.1
3sum,400239,259,2,2403.50,8.1
3sum,400239,260,2,2404.40,8.1
3sum,400239,261,4,2405.06,8.1
3sum,400239,262,2,2407.11,8.0
3sum,400239,263,2,2409.35,8.0
3sum,400239,264,2,2411.56,8.0
3sum,400239,265,4,2413.77,8.0
3sum,400239,266,2,2415.97,8.0
3sum,400239,267,2,2417.34,8.0
3sum,400239,268,2,2419.49,7.9
3sum,400239,269,4,2421.64,7.9
3sum,400239,270,2,2423.78,7.9
3sum,400239,271,2,2425.91,7.9
3sum,400239,272,2,2428.02,7.9
3sum,400239,273,7,2430.12,7.9
3sum,400239,274,3,2432.14,7.9
3sum,400239,275,2,2434.04,7.9
3sum,400239,276,2,2435.93,7.9
3sum,400239,277,4,2437.86,8.0
3sum,400239,278,2,2439.74,7.9
3sum,400239,279,2,2441.59,7.9
3sum,400239,280,2,2443.15,7.9
3sum,400239,281,4,2444.37,7.9
3sum,400239,282,2,2445.96,7.9
3sum,400239,283,2,2444.84,7.9
3sum,400239,284,2,2445.11,7.9
3sum,400239,285,4,2444.29,7.9
3sum,400239,286,2,2443.93,7.9
3sum,400239,287,2,2442.85,7.9
3sum,400239,288,2,2443.16,7.8
3sum,400239,289,7,2441.88,7.8
3sum,400239,290,3,2442.03,7.8
3sum,400239,291,2,2441.23,7.8
3sum,400239,292,2,2440.65,7.8
3sum,400239,293,4,2438.18,7.9
3sum,400239,294,2,2438.81,7.8
3sum,400239,295,2,2438.43,7.8
3sum,400239,296,2,2439.21,7.8
3sum,400239,297,4,2438.85,7.8
3sum,400239,298,2,2436.92,7.8
3sum,400239,299,2,2433.16,7.8
3sum,400239,300,2,2429.36,7.8
3sum,400239,301,4,2429.42,7.8
3sum,400239,302,2,2425.90,7.8
3sum,400239,303,2,2421.55,7.8
3sum,400239,304,2,2421.32,7.8
3sum,400239,305,7,2416.92,7.9
3sum,400239,306,3,2414.15,7.9
3sum,400239,307,2,2413.90,7.9
3sum,400239,308,2,2414.11,7.9
3sum,400239,309,4,2411.94,7.8
3sum,400239,310,2,2410.29,7.8
3sum,400239,311,2,2404.70,7.8
3sum,400239,312,2,2404.00,7.8
3sum,400239,313,4,2399.60,7.8
3sum,400239,314,2,2396.18,7.8
3sum,400239,315,2,2391.94,7.7
3sum,400239,316,2,2388.93,7.7
3sum,400239,317,4,2387.69,7.7
3sum,400239,318,2,2386.92,7.7
3sum,400239,319,2,2385.52,7.7
3sum,400239,320,2,2384.34,7.7
3sum,400239,321,9,2383.49,7.8
3sum,400239,322,3,2382.33,7.8
3sum,400239,323,2,2381.23,7.8
3sum,400239,324,2,2380.07,7.8
3sum,400239,325,4,2379.23,7.9
3sum,400239,326,2,2378.08,7.8
3sum,400239,327,2,2377.21,7.8
3sum,400239,328,2,2376.03,7.8
3sum,400239,329,4,2375.33,7.8
3sum,400239,330,2,2374.19,7.8
3sum,400239,331,2,2373.34,7.8
3sum,400239,332,2,2372.21,7.8
3sum,400239,333,4,2371.36,7.7
3sum,400239,334,2,2370.20,7.7
3sum,400239,335,2,2369.53,7.7
3sum,400239,336,2,2368.42,7.7
3sum,400239,337,7,2367.64,7.8
3sum,400239,338,3,2366.54,7.8
3sum,400239,339,2,2365.82,7.8
3sum,400239,340,2,2364.72,7.7
3sum,400239,341,4,2364.06,7.7
3sum,400239,342,2,2364.33,7.7
3sum,400239,343,2,2364.12,7.7
3sum,400239,344,2,2364.23,7.7
3sum,400239,345,4,2364.02,7.7
3sum,400239,346,2,2364.13,7.7
3sum,400239,347,2,2363.91,7.7
3sum,400239,348,2,2364.01,7.6
3sum,400239,349,4,2363.80,7.7
3sum,400239,350,2,2363.90,7.7
3sum,400239,351,2,2363.19,7.6
3sum,400239,352,2,2363.49,7.6
3sum,400239,353,7,2363.26,7.7
3sum,400239,354,3,2363.36,7.7
3sum,400239,355,2,2363.12,7.6
3sum,400239,356,2,2363.22,7.6
3sum,400239,357,4,2362.98,7.6
3sum,400239,358,2,2363.07,7.6
3sum,400239,359,2,2362.84,7.6
3sum,400239,360,2,2362.93,7.6
3sum,400239,361,4,2362.24,7.6
3sum,400239,362,2,2362.49,7.6
3sum,400239,363,2,2362.27,7.6
3sum,400239,364,2,2362.35,7.6
3sum,400239,365,4,2362.13,7.6
3sum,400239,366,2,2362.21,7.6
3sum,400239,367,2,2361.97,7.6
3sum,400239,368,2,2362.06,7.6
3sum,400239,369,7,2361.84,7.6
3sum,400239,370,3,2361.92,7.6
3sum,400239,371,2,2361.12,7.6
3sum,400239,372,2,2361.54,7.6
3sum,400239,373,4,2361.30,7.6
3sum,400239,374,2,2361.37,7.6
3sum,400239,375,2,2361.13,7.6
3sum,400239,376,2,2361.14,7.6
3sum,400239,377,4,2360.90,7.6
3sum,400239,378,2,2361.65,7.5
3sum,400239,379,2,2361.41,7.5
3sum,400239,380,2,2361.47,7.5
3sum,400239,381,4,2360.78,7.5
3sum,400239,382,2,2361.01,7.5
3sum,400239,383,2,2360.77,7.5
3sum,400239,384,2,2360.83,7.5
3sum,400239,385,9,2359.36,7.6
3sum,400239,386,3,2358.47,7.5
3sum,400239,387,2,2359.06,7.5
3sum,400239,388,2,2358.94,7.5
3sum,400239,389,4,2358.69,7.5
3sum,400239,390,2,2358.75,7.5
3sum,400239,391,2,2358.10,7.5
3sum,400239,392,2,2358.30,7.5
3sum,400239,393,4,2358.06,7.5
3sum,400239,394,2,2358.10,7.5
3sum,400239,395,2,2357.86,7.5
3sum,400239,396,2,2357.91,7.5
3sum,400239,397,4,2357.67,7.5
3sum,400239,398,2,2357.71,7.5
3sum,400239,399,2,2357.47,7.5
3sum,400239,400,2,2357.51,7.5
3sum,400239,401,7,2357.95,7.5
3sum,400239,402,3,2359.12,7.5
3sum,400239,403,2,2358.89,7.5
3sum,400239,404,2,2358.92,7.5
3sum,400239,405,4,2358.68,7.5
3sum,400239,406,2,2358.83,7.5
3sum,400239,407,2,2358.59,7.5
3sum,400239,408,2,2358.61,7.5
3sum,400239,409,4,2358.36,7.5
3sum,400239,410,2,2358.39,7.5
3sum,400239,411,2,2358.17,7.5
3sum,400239,412,2,2359.33,7.5
3sum,400239,413,4,2359.08,7.5
3sum,400239,414,2,2359.10,7.5
3sum,400239,415,2,2358.72,7.5
3sum,400239,416,2,2358.84,7.5
3sum,400239,417,7,2358.60,7.5
3sum,400239,418,3,2358.61,7.5
3sum,400239,419,2,2358.37,7.5
3sum,400239,420,2,2358.39,7.5
3sum,400239,421,4,2358.14,7.5
3sum,400239,422,2,2358.05,7.5
3sum,400239,423,2,2357.80,7.5
3sum,400239,424,2,2357.81,7.5
3sum,400239,425,4,2357.57,7.5
3sum,400239,426,2,2357.59,7.5
3sum,400239,427,2,2357.33,7.5
3sum,400239,428,2,2357.34,7.4
3sum,400239,429,4,2357.07,7.4
3sum,400239,430,2,2357.08,7.4
3sum,400239,431,2,2356.82,7.4
3sum,400239,432,2,2356.36,7.4
3sum,400239,433,7,2357.02,7.4
3sum,400239,434,3,2357.19,7.4
3sum,400239,435,2,2357.84,7.4
3sum,400239,436,2,2358.01,7.4
3sum,400239,437,4,2358.17,7.4
3sum,400239,438,2,2358.81,7.4
3sum,400239,439,2,2358.97,7.4
3sum,400239,440,2,2359.61,7.4
3sum,400239,441,4,2360.40,7.4
3sum,400239,442,2,2360.13,7.4
3sum,400239,443,2,2359.95,7.4
3sum,400239,444,2,2359.67,7.4
3sum,400239,445,4,2360.24,7.4
3sum,400239,446,2,2359.97,7.4
3sum,400239,447,2,2359.95,7.4
3sum,400239,448,2,2359.68,7.4
3sum,400239,449,9,2359.66,7.4
3sum,400239,450,3,2359.20,7.4
3sum,400239,451,2,2359.36,7.4
3sum,400239,452,2,2359.11,7.4
3sum,400239,453,4,2359.57,7.4
3sum,400239,454,2,2359.26,7.4
3sum,400239,455,2,2359.23,7.4
3sum,400239,456,2,2358.81,7.4
3sum,400239,457,4,2357.71,7.4
3sum,400239,458,2,2357.45,7.4
3sum,400239,459,2,2357.42,7.4
3sum,400239,460,2,2357.16,7.4
3sum,400239,461,4,2357.13,7.4
3sum,400239,462,2,2356.87,7.4
3sum,400239,463,2,2356.58,7.4
3sum,400239,464,2,2356.30,7.4
3sum,400239,465,7,2356.21,7.4
3sum,400239,466,3,2356.19,7.4
3sum,400239,467,2,2355.91,7.4
3sum,400239,468,2,2355.88,7.4
3sum,400239,469,4,2355.61,7.4
3sum,400239,470,2,2355.57,7.4
3sum,400239,471,2,2355.30,7.4
3sum,400239,472,2,2355.26,7.4
3sum,400239,473,4,2354.99,7.4
3sum,400239,474,2,2354.80,7.4
3sum,400239,475,2,2354.52,7.4
3sum,400239,476,2,2354.53,7.4
3sum,400239,477,4,2354.26,7.4
3sum,400239,478,2,2354.22,7.4
3sum,400239,479,2,2353.94,7.4
3sum,400239,480,2,2353.90,7.4
3sum,400239,481,7,2353.63,7.4
3sum,400239,482,3,2353.59,7.4
3sum,400239,483,2,2353.31,7.4
3sum,400239,484,2,2353.13,7.4
3sum,400239,485,4,2352.85,7.4
3sum,400239,486,2,2352.81,7.4
3sum,400239,487,2,2352.07,7.4
3sum,400239,488,2,2350.98,7.4
3sum,400239,489,4,2350.86,7.4
3sum,400239,490,2,2350.64,7.4
3sum,400239,491,2,2350.14,7.4
3sum,400239,492,2,2349.08,7.4
3sum,400239,493,4,2348.35,7.4
3sum,400239,494,2,2347.40,7.4
3sum,400239,495,2,2346.34,7.4
3sum,400239,496,2,2345.79,7.3
3sum,400239,497,7,2344.74,7.4
3sum,400239,498,3,2344.20,7.3
3sum,400239,499,2,2343.16,7.4
3sum,400239,500,2,2342.74,7.4
3sum,400239,501,4,2341.70,7.4
3sum,400239,502,2,2341.28,7.4
3sum,400239,503,2,2340.24,7.4
3sum,400239,504,2,2339.82,7.3
3sum,400239,505,4,2338.79,7.4
3sum,400239,506,2,2338.64,7.4
3sum,400239,507,2,2338.09,7.4
3sum,400239,508,2,2337.05,7.4
3sum,400239,509,4,2336.90,7.3
3sum,400239,510,2,2336.36,7.3
3sum,400239,511,2,2335.33,7.3
3sum,400239,512,2,2334.92,7.3
3sum,400239,513,11,2333.75,7.5
3sum,400239,514,3,2333.62,7.5
3sum,400239,515,2,2333.49,7.5
3sum,400239,516,2,2333.37,7.5
3sum,400239,517,4,2333.24,7.5
3sum,400239,518,2,2333.11,7.5
3sum,400239,519,2,2332.98,7.5
3sum,400239,520,2,2332.85,7.5
3sum,400239,521,4,2332.72,7.5
3sum,400239,522,2,2332.58,7.5
3sum,400239,523,2,2332.45,7.5
3sum,400239,524,2,2332.31,7.5
3sum,400239,525,4,2332.17,7.5
3sum,400239,526,2,2332.03,7.5
3sum,400239,527,2,2331.89,7.5
3sum,400239,528,2,2331.75,7.5
3sum,400239,529,7,2331.61,7.6
3sum,400239,530,3,2331.46,7.5
3sum,400239,531,2,2331.32,7.5
3sum,400239,532,2,2331.07,7.5
3sum,400239,533,4,2330.51,7.5
3sum,400239,534,2,2329.50,7.5
3sum,400239,535,2,2329.07,7.5
3sum,400239,536,2,2328.06,7.5
3sum,400239,537,4,2327.63,7.5
3sum,400239,538,2,2326.63,7.5
3sum,400239,539,2,2326.45,7.5
3sum,400239,540,2,2325.90,7.5
3sum,400239,541,4,2324.89,7.5
3sum,400239,542,2,2324.72,7.5
3sum,400239,543,2,2324.17,7.4
3sum,400239,544,2,2323.17,7.4
3sum,400239,545,7,2322.75,7.5
3sum,400239,546,3,2321.76,7.5
3sum,400239,547,2,2321.34,7.5
3sum,400239,548,2,2320.35,7.5
3sum,400239,549,4,2319.92,7.5
3sum,400239,550,2,2318.93,7.5
3sum,400239,551,2,2318.51,7.5
3sum,400239,552,2,2317.53,7.5
3sum,400239,553,4,2317.11,7.5
3sum,400239,554,2,2316.13,7.5
3sum,400239,555,2,2315.70,7.5
3sum,400239,556,2,2314.73,7.5
3sum,400239,557,4,2314.31,7.5
3sum,400239,558,2,2313.33,7.5
3sum,400239,559,2,2312.92,7.5
3sum,400239,560,2,2311.95,7.5
3sum,400239,561,7,2311.52,7.5
3sum,400239,562,3,2310.56,7.5
3sum,400239,563,2,2310.14,7.5
3sum,400239,564,2,2309.13,7.5
3sum,400239,565,4,2308.76,7.5
3sum,400239,566,2,2307.80,7.5
3sum,400239,567,2,2307.38,7.5
3sum,400239,568,2,2306.42,7.5
3sum,400239,569,4,2306.01,7.5
3sum,400239,570,2,2305.05,7.5
3sum,400239,571,2,2304.63,7.5
3sum,400239,572,2,2303.38,7.5
3sum,400239,573,4,2302.43,7.5
3sum,400239,574,2,2301.95,7.5
3sum,400239,575,2,2301.00,7.5
3sum,400239,576,2,2300.59,7.5
3sum,400239,577,9,2299.56,7.6
3sum,400239,578,3,2299.23,7.6
3sum,400239,579,2,2298.29,7.5
3sum,400239,580,2,2297.88,7.5
3sum,400239,581,4,2296.94,7.5
3sum,400239,582,2,2296.53,7.5
3sum,400239,583,2,2295.60,7.5
3sum,400239,584,2,2295.19,7.5
3sum,400239,585,4,2294.25,7.5
3sum,400239,586,2,2293.85,7.5
3sum,400239,587,2,2292.92,7.5
3sum,400239,588,2,2292.51,7.5
3sum,400239,589,4,2291.58,7.5
3sum,400239,590,2,2291.17,7.5
3sum,400239,591,2,2290.25,7.5
3sum,400239,592,2,2289.84,7.5
3sum,400239,593,7,2288.92,7.5
3sum,400239,594,3,2288.51,7.5
3sum,400239,595,2,2287.60,7.5
3sum,400239,596,2,2287.19,7.5
3sum,400239,597,4,2286.27,7.5
3sum,400239,598,2,2285.87,7.4
3sum,400239,599,2,2284.95,7.4
3sum,400239,600,2,2284.55,7.4
3sum,400239,601,4,2283.64,7.4
3sum,400239,602,2,2283.23,7.4
3sum,400239,603,2,2282.32,7.4
3sum,400239,604,2,2281.92,7.4
3sum,400239,605,4,2281.02,7.4
3sum,400239,606,2,2280.61,7.4
3sum,400239,607,2,2279.90,7.4
3sum,400239,608,2,2280.27,7.4
3sum,400239,609,7,2280.25,7.4
3sum,400239,610,3,2280.61,7.4
3sum,400239,611,2,2280.59,7.4
3sum,400239,612,2,2280.94,7.4
3sum,400239,613,4,2280.91,7.4
3sum,400239,614,2,2281.27,7.4
3sum,400239,615,2,2281.24,7.4
3sum,400239,616,2,2281.16,7.4
3sum,400239,617,4,2281.01,7.4
3sum,400239,618,2,2280.77,7.4
3sum,400239,619,2,2280.39,7.4
3sum,400239,620,2,2279.51,7.4
3sum,400239,621,4,2279.07,7.4
3sum,400239,622,2,2278.19,7.4
3sum,400239,623,2,2277.75,7.4
3sum,400239,624,2,2276.87,7.4
3sum,400239,625,7,2276.44,7.4
3sum,400239,626,3,2275.57,7.4
3sum,400239,627,2,2275.13,7.3
3sum,400239,628,2,2274.25,7.3
3sum,400239,629,4,2273.82,7.3
3sum,400239,630,2,2272.95,7.3
3sum,400239,631,2,2272.52,7.3
3sum,400239,632,2,2271.65,7.3
3sum,400239,633,4,2271.22,7.3
3sum,400239,634,2,2270.35,7.3
3sum,400239,635,2,2269.92,7.3
3sum,400239,636,2,2269.06,7.3
3sum,400239,637,4,2268.62,7.3
3sum,400239,638,2,2267.76,7.3
3sum,400239,639,2,2267.33,7.3
3sum,400239,640,2,2266.47,7.3
3sum,400239,641,9,2266.05,7.4
3sum,400239,642,3,2265.19,7.4
3sum,400239,643,2,2264.76,7.4
3sum,400239,644,2,2264.02,7.4
3sum,400239,645,4,2263.70,7.4
3sum,400239,646,2,2262.83,7.4
3sum,400239,647,2,2262.41,7.4
3sum,400239,648,2,2261.56,7.4
3sum,400239,649,4,2261.37,7.4
3sum,400239,650,2,2261.07,7.4
3sum,400239,651,2,2260.22,7.4
3sum,400239,652,2,2259.79,7.3
3sum,400239,653,4,2259.64,7.3
3sum,400239,654,2,2259.39,7.3
3sum,400239,655,2,2258.54,7.3
3sum,400239,656,2,2258.12,7.3
3sum,400239,657,7,2257.27,7.4
3sum,400239,658,3,2256.85,7.3
3sum,400239,659,2,2255.67,7.4
3sum,400239,660,2,2254.83,7.4
3sum,400239,661,4,2254.64,7.4
3sum,400239,662,2,2254.29,7.3
3sum,400239,663,2,2253.30,7.3
3sum,400239,664,2,2253.02,7.3
3sum,400239,665,4,2252.18,7.3
3sum,400239,666,2,2251.76,7.3
3sum,400239,667,2,2250.93,7.3
3sum,400239,668,2,2250.50,7.3
3sum,400239,669,4,2249.67,7.3
3sum,400239,670,2,2249.25,7.3
3sum,400239,671,2,2248.41,7.3
3sum,400239,672,2,2248.22,7.3
3sum,400239,673,7,2248.03,7.3
3sum,400239,674,3,2248.69,7.3
3sum,400239,675,2,2246.77,7.3
3sum,400239,676,2,2246.52,7.3
3sum,400239,677,4,2246.28,7.3
3sum,400239,678,2,2246.04,7.3
3sum,400239,679,2,2245.79,7.3
3sum,400239,680,2,2245.55,7.3
3sum,400239,681,4,2245.30,7.3
3sum,400239,682,2,2245.00,7.3
3sum,400239,683,2,2244.76,7.3
3sum,400239,684,2,2244.51,7.3
3sum,400239,685,4,2244.26,7.3
3sum,400239,686,2,2244.01,7.3
3sum,400239,687,2,2243.76,7.3
3sum,400239,688,2,2243.01,7.3
3sum,400239,689,7,2243.29,7.3
3sum,400239,690,3,2243.21,7.3
3sum,400239,691,2,2242.44,7.3
3sum,400239,692,2,2242.24,7.3
3sum,400239,693,4,2242.03,7.2
3sum,400239,694,2,2241.83,7.2
3sum,400239,695,2,2242.12,7.2
3sum,400239,696,2,2240.45,7.2
3sum,400239,697,4,2239.63,7.2
3sum,400239,698,2,2239.42,7.2
3sum,400239,699,2,2239.21,7.2
3sum,400239,700,2,2239.01,7.2
3sum,400239,701,4,2238.80,7.2
3sum,400239,702,2,2237.72,7.2
3sum,400239,703,2,2236.90,7.2
3sum,400239,704,2,2236.69,7.2
3sum,400239,705,9,2236.48,7.2
3sum,400239,706,3,2236.27,7.2
3sum,400239,707,2,2236.06,7.2
3sum,400239,708,2,2235.84,7.2
3sum,400239,709,4,2235.63,7.2
3sum,400239,710,2,2235.41,7.2
3sum,400239,711,2,2235.19,7.2
3sum,400239,712,2,2234.09,7.2
3sum,400239,713,4,2233.28,7.2
3sum,400239,714,2,2233.06,7.2
3sum,400239,715,2,2232.85,7.2
3sum,400239,716,2,2232.64,7.2
3sum,400239,717,4,2232.42,7.2
3sum,400239,718,2,2231.35,7.2
3sum,400239,719,2,2230.54,7.2
3sum,400239,720,2,2230.33,7.2
3sum,400239,721,7,2230.11,7.2
3sum,400239,722,3,2229.89,7.2
3sum,400239,723,2,2229.68,7.2
3sum,400239,724,2,2228.61,7.2
3sum,400239,725,4,2227.80,7.2
3sum,400239,726,2,2227.59,7.2
3sum,400239,727,2,2227.37,7.2
3sum,400239,728,2,2227.15,7.2
3sum,400239,729,4,2226.93,7.2
3sum,400239,730,2,2225.87,7.2
3sum,400239,731,2,2225.07,7.2
3sum,400239,732,2,2224.85,7.2
3sum,400239,733,4,2224.63,7.2
3sum,400239,734,2,2224.41,7.2
3sum,400239,735,2,2224.19,7.2
3sum,400239,736,2,2223.13,7.1
3sum,400239,737,7,2222.35,7.2
3sum,400239,738,7,2220.39,7.2
3sum,400229,0,0,0.00000,0.00000
3sum,400229,1,0,21.32,0.00000
3sum,400229,2,142,4.47,31.1
3sum,400229,3,38,2.88,60.0
3sum,400229,4,68,2.30,69.9
3sum,400229,5,30,2.20,73.4
3sum,400229,6,41,2.18,81.7
3sum,400229,7,71,2.16,84.1
3sum,400229,8,67,2.14,94.2
3sum,400229,9,66,2.13,85.2
3sum,400229,10,38,2.13,92.4
3sum,400229,11,71,2.13,87.2
3sum,400229,12,66,2.13,82.8
3sum,400229,13,37,2.12,97.6
3sum,400229,14,39,2.12,97.5
3sum,400229,15,74,2.12,104.3
3sum,400229,16,76,2.11,108.2
3sum,400229,17,30,2.11,102.2
3sum,400229,18,28,2.04,98.4
3sum,400229,19,36,1.96,94.6
3sum,400229,20,35,1.90,125.9
3sum,400229,21,27,1.85,127.7
3sum,400229,22,68,1.80,128.5
3sum,400229,23,60,1.76,126.7
3sum,400229,24,25,1.72,131.0
3sum,400229,25,34,1.69,129.5
3sum,400229,26,32,1.66,130.7
3sum,400229,27,32,1.63,127.5
3sum,400229,28,62,1.62,125.6
3sum,400229,29,67,1.63,123.7
3sum,400229,30,33,1.64,121.9
3sum,400229,31,25,1.66,118.7
3sum,400229,32,72,1.66,119.7
3sum,400229,33,27,1.67,116.2
3sum,400229,34,64,1.68,114.5
3sum,400229,35,36,1.69,112.2
3sum,400229,36,33,1.70,112.5
3sum,400229,37,37,1.71,111.7
3sum,400229,38,28,1.71,111.1
3sum,400229,39,35,1.72,109.6
3sum,400229,40,38,1.73,108.9
3sum,400229,41,70,1.72,107.6
3sum,400229,42,71,1.70,108.0
3sum,400229,43,28,1.69,107.5
3sum,400229,44,42,1.68,107.4
3sum,400229,45,36,1.66,106.7
3sum,400229,46,32,1.64,107.0
3sum,400229,47,36,1.63,107.0
3sum,400229,48,67,1.61,112.8
3sum,400229,49,77,1.59,111.5
3sum,400229,50,34,1.58,111.4
3sum,400229,51,67,1.56,111.8
3sum,400229,52,74,1.55,110.7
3sum,400229,53,41,1.53,117.2
3sum,400229,54,27,1.52,116.9
3sum,400229,55,34,1.51,115.2
3sum,400229,56,66,1.50,115.4
3sum,400229,57,72,1.49,113.9
3sum,400229,58,64,1.48,113.7
3sum,400229,59,75,1.47,113.8
3sum,400229,60,36,1.46,114.1
3sum,400229,61,29,1.45,113.6
3sum,400229,62,29,1.45,112.7
3sum,400229,63,33,1.42,113.8
3sum,400229,64,38,1.43,113.4
3sum,400229,65,39,1.42,111.7
3sum,400229,66,33,1.42,112.0
3sum,400229,67,34,1.41,110.6
3sum,400229,68,31,1.40,110.1
3sum,400229,69,29,1.40,110.2
3sum,400229,70,35,1.39,109.8
3sum,400229,71,67,1.39,111.1
3sum,400229,72,32,1.38,112.3
3sum,400229,73,67,1.38,111.4
3sum,400229,74,35,1.37,112.2
3sum,400229,75,32,1.37,112.5
3sum,400229,76,39,1.37,112.8
3sum,400229,77,32,1.36,112.4
3sum,400229,78,43,1.36,111.3
3sum,400229,79,33,1.35,111.0
3sum,400229,80,78,1.35,110.1
3sum,400229,81,69,1.34,110.3
3sum,400229,82,25,1.34,110.0
3sum,400229,83,38,1.33,109.3
3sum,400229,84,33,1.33,108.8
3sum,400229,85,70,1.33,108.8
3sum,400229,86,66,1.31,108.4
3sum,400229,87,32,1.30,107.7
3sum,400229,88,39,1.30,107.4
3sum,400229,89,24,1.30,107.6
3sum,400229,90,28,1.29,107.1
3sum,400229,91,42,1.29,106.4
3sum,400229,92,35,1.29,105.7
3sum,400229,93,32,1.29,105.1
3sum,400229,94,35,1.28,104.8
3sum,400229,95,35,1.28,104.2
3sum,400229,96,39,1.28,104.2
3sum,400229,97,60,1.28,104.0
3sum,400229,98,32,1.27,104.4
3sum,400229,99,72,1.27,105.2
3sum,400229,100,38,1.27,104.5
3sum,400229,101,69,1.27,106.8
3sum,400229,102,62,1.26,106.9
3sum,400229,103,29,1.26,106.9
3sum,400229,104,36,1.26,106.8
3sum,400229,105,69,1.26,107.6
3sum,400229,106,33,1.26,107.4
3sum,400229,107,67,1.26,107.4
3sum,400229,108,36,1.25,107.5
3sum,400229,109,29,1.25,107.2
3sum,400229,110,65,1.25,107.9
3sum,400229,111,68,1.25,108.0
3sum,400229,112,31,1.25,108.5
3sum,400229,113,28,1.24,107.7
3sum,400229,114,31,1.24,107.4
3sum,400229,115,38,1.24,106.8
3sum,400229,116,38,1.24,106.6
3sum,400229,117,69,1.24,107.2
3sum,400229,118,67,1.24,107.3
3sum,400229,119,30,1.24,107.3
3sum,400229,120,30,1.23,107.4
3sum,400229,121,34,1.23,107.1
3sum,400229,122,37,1.23,106.8
3sum,400229,123,67,1.23,106.8
3sum,400229,124,30,1.23,106.4
3sum,400229,125,63,1.23,108.1
3sum,400229,126,28,1.22,107.6
3sum,400229,127,38,1.22,107.2
3sum,400229,128,36,1.22,107.4
3sum,400229,129,36,1.22,106.5
3sum,400229,130,21,1.22,106.2
3sum,400229,131,25,1.22,105.4
3sum,400229,132,31,1.22,105.2
3sum,400229,133,36,1.22,105.0
3sum,400229,134,31,1.21,104.5
3sum,400229,135,37,1.21,104.4
3sum,400229,136,30,1.21,104.5
3sum,400229,137,69,1.21,105.2
3sum,400229,138,66,1.21,105.1
3sum,400229,139,33,1.21,104.8
3sum,400229,140,34,1.21,105.5
3sum,400229,141,37,1.21,105.3
3sum,400229,142,40,1.21,105.5
3sum,400229,143,27,1.20,105.4
3sum,400229,144,65,1.20,105.7
3sum,400229,145,67,1.20,106.3
3sum,400229,146,37,1.20,105.9
3sum,400229,147,31,1.20,105.8
3sum,400229,148,36,1.20,105.3
3sum,400229,149,36,1.20,105.0
3sum,400229,150,40,1.20,105.1
3sum,400229,151,34,1.20,104.8
3sum,400229,152,35,1.20,104.5
3sum,400229,153,68,1.19,104.0
3sum,400229,154,59,1.19,103.5
3sum,400229,155,61,1.19,103.4
3sum,400229,156,25,1.19,103.2
3sum,400229,157,65,1.19,103.1
3sum,400229,158,30,1.19,103.2
3sum,400229,159,70,1.19,103.3
3sum,400229,160,76,1.19,103.5
3sum,400229,161,29,1.19,103.3
3sum,400229,162,31,1.19,102.9
3sum,400229,163,64,1.19,103.1
3sum,400229,164,64,1.18,103.5
3sum,400229,165,36,1.18,103.3
3sum,400229,166,27,1.18,102.9
3sum,400229,167,35,1.18,102.4
3sum,400229,168,70,1.18,102.2
3sum,400229,169,62,1.18,102.2
3sum,400229,170,34,1.18,102.7
3sum,400229,171,41,1.18,102.4
3sum,400229,172,75,1.18,103.5
3sum,400229,173,28,1.18,103.7
3sum,400229,174,62,1.18,104.3
3sum,400229,175,33,1.18,103.8
3sum,400229,176,41,1.18,104.1
3sum,400229,177,35,1.18,104.4
3sum,400229,178,33,1.17,104.4
3sum,400229,179,27,1.17,104.1
3sum,400229,180,32,1.17,104.3
3sum,400229,181,65,1.17,104.5
3sum,400229,182,68,1.17,104.5
3sum,400229,183,71,1.17,104.1
3sum,400229,184,75,1.17,104.0
3sum,400229,185,34,1.17,104.7
3sum,400229,186,34,1.17,104.5
3sum,400229,187,65,1.17,104.8
3sum,400229,188,73,1.17,104.6
3sum,400229,189,70,1.17,104.4
3sum,400229,190,72,1.17,104.6
3sum,400229,191,31,1.17,105.3
3sum,400229,192,37,1.17,105.2
3sum,400229,193,67,1.16,105.2
3sum,400229,194,62,1.16,105.0
3sum,400229,195,71,1.16,104.9
3sum,400229,196,69,1.16,104.5
3sum,400229,197,32,1.16,104.9
3sum,400229,198,36,1.16,104.6
3sum,400229,199,24,1.16,104.5
3sum,400229,200,40,1.16,104.5
3sum,400229,201,32,1.16,104.4
3sum,400229,202,33,1.16,105.0
3sum,400229,203,32,1.16,105.0
3sum,400229,204,41,1.16,105.1
3sum,400229,205,34,1.16,104.8
3sum,400229,206,36,1.16,104.6
3sum,400229,207,66,1.16,104.7
3sum,400229,208,72,1.16,104.4
3sum,400229,209,35,1.16,105.1
3sum,400229,210,29,1.16,104.9
3sum,400229,211,36,1.16,104.9
3sum,400229,212,31,1.15,104.8
3sum,400229,213,32,1.15,104.7
3sum,400229,214,40,1.15,104.5
3sum,400229,215,40,1.15,104.4
3sum,400229,216,39,1.15,104.6
3sum,400229,217,72,1.15,104.9
3sum,400229,218,65,1.15,104.4
3sum,400229,219,31,1.15,104.9
3sum,400229,220,79,1.15,104.7
3sum,400229,221,68,1.15,104.4
3sum,400229,222,25,1.15,104.6
3sum,400229,223,31,1.15,104.5
3sum,400229,224,42,1.15,104.2
3sum,400229,225,41,1.15,104.1
3sum,400229,226,33,1.15,104.1
3sum,400229,227,71,1.15,104.1
3sum,400229,228,73,1.15,104.0
3sum,400229,229,34,1.15,104.1
3sum,400229,230,35,1.15,104.3
3sum,400229,231,42,1.15,104.1
3sum,400229,232,68,1.15,104.3
3sum,400229,233,71,1.14,104.2
3sum,400229,234,24,1.14,104.0
3sum,400229,235,33,1.14,104.1
3sum,400229,236,36,1.14,103.9
3sum,400229,237,32,1.14,103.6
3sum,400229,238,36,1.14,103.5
3sum,400229,239,33,1.14,103.4
3sum,400229,240,36,1.14,103.4
3sum,400229,241,25,1.14,103.3
3sum,400229,242,33,1.14,103.4
3sum,400229,243,34,1.14,103.3
3sum,400229,244,37,1.14,103.4
3sum,400229,245,32,1.14,103.3
3sum,400229,246,35,1.14,103.3
3sum,400229,247,30,1.14,103.2
3sum,400229,248,34,1.14,103.1
3sum,400229,249,33,1.14,103.2
3sum,400229,250,35,1.14,103.5
3sum,400229,251,36,1.14,103.4
3sum,400229,252,36,1.14,103.4
3sum,400229,253,34,1.14,103.3
3sum,400229,254,71,1.14,103.4
3sum,400229,255,36,1.14,103.3
3sum,400229,256,38,1.14,103.6
3sum,400229,257,73,1.13,103.2
3sum,400229,258,64,1.13,102.9
3sum,400229,259,67,1.13,102.6
3sum,400229,260,34,1.13,105.7
3sum,400229,261,31,1.13,105.9
3sum,400229,262,29,1.13,105.7
3sum,400229,263,38,1.13,105.5
3sum,400229,264,31,1.13,105.3
3sum,400229,265,32,1.13,105.3
3sum,400229,266,29,1.13,105.3
3sum,400229,267,33,1.13,105.2
3sum,400229,268,76,1.13,105.2
3sum,400229,269,29,1.13,105.3
3sum,400229,270,59,1.13,106.5
3sum,400229,271,39,1.13,106.5
3sum,400229,272,43,1.13,106.2
3sum,400229,273,32,1.13,106.4
3sum,400229,274,29,1.13,106.2
3sum,400229,275,61,1.13,106.2
3sum,400229,276,73,1.13,106.2
3sum,400229,277,34,1.13,106.4
3sum,400229,278,61,1.13,106.5
3sum,400229,279,73,1.13,106.4
3sum,400229,280,34,1.13,106.4
3sum,400229,281,37,1.13,106.4
3sum,400229,282,29,1.13,106.5
3sum,400229,283,68,1.13,106.2
3sum,400229,284,35,1.13,106.0
3sum,400229,285,68,1.13,106.1
3sum,400229,286,29,1.13,105.8
3sum,400229,287,31,1.13,105.9
3sum,400229,288,32,1.13,105.9
3sum,400229,289,36,1.13,105.6
3sum,400229,290,36,1.13,105.5
3sum,400229,291,29,1.13,105.3
3sum,400229,292,39,1.12,105.5
3sum,400229,293,33,1.12,105.3
3sum,400229,294,31,1.12,105.3
3sum,400229,295,30,1.12,105.3
3sum,400229,296,31,1.12,105.4
3sum,400229,297,28,1.12,105.3
3sum,400229,298,35,1.12,105.0
3sum,400229,299,28,1.12,105.2
3sum,400229,300,42,1.12,105.0
3sum,400229,301,22,1.12,104.8
3sum,400229,302,69,1.12,104.7
3sum,400229,303,71,1.12,104.5
3sum,400229,304,40,1.12,104.4
3sum,400229,305,38,1.12,104.0
3sum,400229,306,29,1.12,104.0
3sum,400229,307,30,1.12,104.0
3sum,400229,308,32,1.12,104.0
3sum,400229,309,23,1.12,103.8
3sum,400229,310,55,1.12,103.6
3sum,400229,311,64,1.12,103.3
3sum,400229,312,29,1.12,103.3
3sum,400229,313,40,1.12,103.4
3sum,400229,314,35,1.12,103.6
3sum,400229,315,31,1.12,103.4
3sum,400229,316,33,1.12,103.2
3sum,400229,317,56,1.12,103.1
3sum,400229,318,64,1.12,103.0
3sum,400229,319,41,1.12,103.3
3sum,400229,320,35,1.12,103.4
3sum,400229,321,28,1.12,103.4
3sum,400229,322,36,1.12,103.3
3sum,400229,323,29,1.12,103.4
3sum,400229,324,37,1.11,103.3
3sum,400229,325,30,1.11,103.2
3sum,400229,326,43,1.11,103.2
3sum,400229,327,58,1.11,103.3
3sum,400229,328,68,1.11,103.2
3sum,400229,329,27,1.11,103.5
3sum,400229,330,37,1.11,103.4
3sum,400229,331,33,1.11,103.4
3sum,400229,332,43,1.11,103.3
3sum,400229,333,27,1.11,103.1
3sum,400229,334,32,1.11,102.8
3sum,400229,335,40,1.11,102.7
3sum,400229,336,40,1.11,102.7
3sum,400229,337,41,1.11,102.6
3sum,400229,338,32,1.11,102.6
3sum,400229,339,36,1.11,102.8
3sum,400229,340,67,1.11,102.8
3sum,400229,341,65,1.11,102.7
3sum,400229,342,32,1.11,102.8
3sum,400229,343,74,1.11,102.6
3sum,400229,344,71,1.11,102.6
3sum,400229,345,33,1.11,102.8
3sum,400229,346,35,1.11,102.7
3sum,400229,347,28,1.11,102.6
3sum,400229,348,33,1.11,102.5
3sum,400229,349,37,1.11,102.7
3sum,400229,350,38,1.11,102.6
3sum,400229,351,30,1.11,102.4
3sum,400229,352,44,1.11,102.3
3sum,400229,353,41,1.11,102.2
3sum,400229,354,59,1.11,102.3
3sum,400229,355,29,1.11,102.1
3sum,400229,356,72,1.11,103.1
3sum,400229,357,37,1.11,103.0
3sum,400229,358,22,1.11,103.0
3sum,400229,359,32,1.11,102.9
3sum,400229,360,69,1.11,103.0
3sum,400229,361,71,1.11,103.1
3sum,400229,362,31,1.11,103.2
3sum,400229,363,30,1.11,103.1
3sum,400229,364,35,1.10,103.2
3sum,400229,365,34,1.10,103.2
3sum,400229,366,76,1.10,103.3
3sum,400229,367,32,1.10,103.4
3sum,400229,368,73,1.10,103.7
3sum,400229,369,28,1.10,103.7
3sum,400229,370,33,1.10,103.6
3sum,400229,371,27,1.10,103.7
3sum,400229,372,36,1.10,103.5
3sum,400229,373,34,1.10,103.4
3sum,400229,374,33,1.10,103.2
3sum,400229,375,32,1.10,103.3
3sum,400229,376,30,1.10,103.2
3sum,400229,377,67,1.10,103.3
3sum,400229,378,70,1.10,103.2
3sum,400229,379,31,1.10,103.4
3sum,400229,380,34,1.10,103.3
3sum,400229,381,18,1.10,103.2
3sum,400229,382,28,1.10,103.1
3sum,400229,383,34,1.10,103.0
3sum,400229,384,45,1.10,102.8
3sum,400229,385,38,1.10,102.8
3sum,400229,386,34,1.10,102.8
3sum,400229,387,29,1.10,102.8
3sum,400229,388,44,1.10,102.8
3sum,400229,389,38,1.10,102.8
3sum,400229,390,17,1.10,103.1
3sum,400229,391,36,1.10,102.9
3sum,400229,392,66,1.10,102.9
3sum,400229,393,64,1.10,102.8
3sum,400229,394,36,1.10,102.9
3sum,400229,395,45,1.10,102.8
3sum,400229,396,34,1.10,102.8
3sum,400229,397,32,1.10,102.8
3sum,400229,398,28,1.10,102.7
3sum,400229,399,40,1.10,102.8
3sum,400229,400,44,1.10,103.0
3sum,400229,401,36,1.10,102.8
3sum,400229,402,37,1.10,102.7
3sum,400229,403,27,1.10,102.8
3sum,400229,404,41,1.10,102.7
3sum,400229,405,31,1.10,102.6
3sum,400229,406,72,1.09,102.8
3sum,400229,407,69,1.09,102.7
3sum,400229,408,71,1.09,102.7
3sum,400229,409,69,1.09,102.6
3sum,400229,410,69,1.09,102.5
3sum,400229,411,65,1.09,102.6
3sum,400229,412,38,1.09,102.5
3sum,400229,413,40,1.09,102.4
3sum,400229,414,59,1.09,102.5
3sum,400229,415,64,1.09,102.4
3sum,400229,416,36,1.09,102.5
3sum,400229,417,29,1.09,102.6
3sum,400229,418,33,1.09,102.4
3sum,400229,419,31,1.09,102.3
3sum,400229,420,37,1.09,102.3
3sum,400229,421,24,1.09,102.5
3sum,400229,422,31,1.09,102.5
3sum,400229,423,34,1.09,102.3
3sum,400229,424,40,1.09,102.3
3sum,400229,425,26,1.09,102.2
3sum,400229,426,32,1.09,102.3
3sum,400229,427,40,1.09,102.4
3sum,400229,428,63,1.09,102.3
3sum,400229,429,63,1.09,102.2
3sum,400229,430,28,1.09,102.5
3sum,400229,431,35,1.09,102.4
3sum,400229,432,42,1.09,102.3
3sum,400229,433,69,1.09,102.4
3sum,400229,434,64,1.09,102.4
3sum,400229,435,32,1.09,102.3
3sum,400229,436,35,1.09,102.3
3sum,400229,437,65,1.09,102.7
3sum,400229,438,65,1.09,102.6
3sum,400229,439,27,1.09,102.5
3sum,400229,440,30,1.09,102.3
3sum,400229,441,31,1.09,102.4
3sum,400229,442,39,1.09,102.3
3sum,400229,443,37,1.09,102.4
3sum,400229,444,33,1.09,102.3
3sum,400229,445,28,1.09,102.1
3sum,400229,446,40,1.09,102.3
3sum,400229,447,37,1.09,102.2
3sum,400229,448,44,1.09,102.2
3sum,400229,449,30,1.09,102.1
3sum,400229,450,37,1.09,102.1
3sum,400229,451,39,1.09,102.2
3sum,400229,452,38,1.09,102.2
3sum,400229,453,28,1.09,102.2
3sum,400229,454,31,1.09,102.2
3sum,400229,455,30,1.08,102.2
3sum,400229,456,28,1.08,102.1
3sum,400229,457,41,1.08,102.1
3sum,400229,458,75,1.08,102.3
3sum,400229,459,65,1.08,102.2
3sum,400229,460,38,1.08,102.3
3sum,400229,461,41,1.08,102.2
3sum,400229,462,39,1.08,102.2
3sum,400229,463,30,1.08,102.1
3sum,400229,464,47,1.08,102.1
3sum,400229,465,32,1.08,102.0
3sum,400229,466,35,1.08,102.1
3sum,400229,467,60,1.08,101.9
3sum,400229,468,55,1.08,102.0
3sum,400229,469,33,1.08,102.2
3sum,400229,470,36,1.08,102.1
3sum,400229,471,30,1.09,101.9
3sum,400229,472,63,1.09,101.9
3sum,400229,473,64,1.09,101.9
3sum,400229,474,28,1.09,101.9
3sum,400229,475,37,1.09,101.9
3sum,400229,476,25,1.09,102.0
3sum,400229,477,38,1.09,101.9
3sum,400229,478,32,1.09,101.8
3sum,400229,479,42,1.09,101.8
3sum,400229,480,36,1.09,102.0
3sum,400229,481,40,1.09,102.0
3sum,400229,482,27,1.09,101.8
3sum,400229,483,30,1.09,101.9
3sum,400229,484,79,1.10,102.0
3sum,400229,485,65,1.10,102.0
3sum,400229,486,30,1.10,102.2
3sum,400229,487,43,1.10,102.1
3sum,400229,488,32,1.10,102.2
3sum,400229,489,41,1.10,102.1
3sum,400229,490,37,1.10,102.2
3sum,400229,491,65,1.10,102.2
3sum,400229,492,69,1.10,102.2
3sum,400229,493,31,1.10,102.2
3sum,400229,494,31,1.10,102.1
3sum,400229,495,21,1.10,102.0
3sum,400229,496,74,1.10,102.2
3sum,400229,497,68,1.11,102.2
3sum,400229,498,67,1.11,102.1
3sum,400229,499,68,1.11,102.1
3sum,400229,500,38,1.11,102.2
3sum,400229,501,32,1.11,102.2
3sum,400229,502,29,1.11,102.2
3sum,400229,503,21,1.11,102.1
3sum,400229,504,32,1.11,102.2
3sum,400229,505,35,1.11,102.1
3sum,400229,506,29,1.11,102.1
3sum,400229,507,36,1.11,102.1
3sum,400229,508,36,1.11,102.2
3sum,400229,509,38,1.11,102.1
3sum,400229,510,65,1.11,102.1
3sum,400229,511,37,1.11,102.0
3sum,400229,512,76,1.11,102.2
3sum,400229,513,31,1.11,102.0
3sum,400229,514,29,1.11,102.0
3sum,400229,515,63,1.11,101.9
3sum,400229,516,67,1.11,101.7
3sum,400229,517,35,1.11,101.8
3sum,400229,518,67,1.11,101.9
3sum,400229,519,67,1.11,101.9
3sum,400229,520,28,1.11,101.9
3sum,400229,521,34,1.11,101.8
3sum,400229,522,34,1.11,101.7
3sum,400229,523,34,1.11,101.6
3sum,400229,524,33,1.11,101.7
3sum,400229,525,36,1.11,101.5
3sum,400229,526,27,1.12,101.7
3sum,400229,527,34,1.12,102.1
3sum,400229,528,33,1.12,102.3
3sum,400229,529,37,1.12,102.3
3sum,400229,530,32,1.12,102.2
3sum,400229,531,36,1.12,102.1
3sum,400229,532,31,1.12,102.0
3sum,400229,533,36,1.12,102.0
3sum,400229,534,69,1.12,102.1
3sum,400229,535,36,1.12,102.0
3sum,400229,536,75,1.12,102.4
3sum,400229,537,35,1.12,102.3
3sum,400229,538,63,1.12,102.5
3sum,400229,539,66,1.12,102.5
3sum,400229,540,82,1.12,102.5
3sum,400229,541,65,1.12,102.5
3sum,400229,542,37,1.12,102.4
3sum,400229,543,35,1.12,102.3
3sum,400229,544,47,1.12,102.2
3sum,400229,545,31,1.12,102.2
3sum,400229,546,68,1.12,102.1
3sum,400229,547,60,1.12,102.0
3sum,400229,548,30,1.12,102.0
3sum,400229,549,63,1.12,102.1
3sum,400229,550,65,1.12,102.1
3sum,400229,551,78,1.12,102.0
3sum,400229,552,31,1.12,102.0
3sum,400229,553,66,1.12,102.0
3sum,400229,554,30,1.12,102.1
3sum,400229,555,30,1.12,102.1
3sum,400229,556,37,1.12,102.0
3sum,400229,557,40,1.12,102.0
3sum,400229,558,36,1.12,102.0
3sum,400229,559,35,1.12,101.8
3sum,400229,560,42,1.12,101.8
3sum,400229,561,33,1.12,101.8
3sum,400229,562,24,1.12,101.8
3sum,400229,563,73,1.12,101.8
3sum,400229,564,34,1.12,101.7
3sum,400229,565,63,1.12,101.8
3sum,400229,566,33,1.12,101.7
3sum,400229,567,32,1.12,101.7
3sum,400229,568,69,1.12,101.9
3sum,400229,569,68,1.12,101.8
3sum,400229,570,39,1.12,101.8
3sum,400229,571,37,1.13,101.8
3sum,400229,572,43,1.13,101.8
3sum,400229,573,32,1.13,101.7
3sum,400229,574,39,1.13,101.7
3sum,400229,575,30,1.13,101.7
3sum,400229,576,76,1.13,101.7
3sum,400229,577,66,1.13,101.6
3sum,400229,578,72,1.13,101.5
3sum,400229,579,72,1.13,101.5
3sum,400229,580,66,1.13,101.5
3sum,400229,581,68,1.13,101.5
3sum,400229,582,42,1.13,101.5
3sum,400229,583,41,1.13,101.6
3sum,400229,584,32,1.13,101.5
3sum,400229,585,29,1.14,101.6
3sum,400229,586,37,1.14,101.5
3sum,400229,587,38,1.14,101.5
3sum,400229,588,34,1.14,101.6
3sum,400229,589,29,1.14,101.7
3sum,400229,590,37,1.14,101.6
3sum,400229,591,33,1.14,101.5
3sum,400229,592,31,1.14,101.5
3sum,400229,593,71,1.14,101.5
3sum,400229,594,65,1.14,101.5
3sum,400229,595,34,1.14,101.9
3sum,400229,596,39,1.14,101.9
3sum,400229,597,31,1.14,101.8
3sum,400229,598,34,1.14,101.8
3sum,400229,599,30,1.14,101.8
3sum,400229,600,36,1.14,101.7
3sum,400229,601,36,1.14,101.7
3sum,400229,602,29,1.14,101.7
3sum,400229,603,26,1.14,101.6
3sum,400229,604,35,1.14,101.7
3sum,400229,605,36,1.14,101.7
3sum,400229,606,64,1.14,101.7
3sum,400229,607,64,1.14,101.5
3sum,400229,608,38,1.14,101.5
3sum,400229,609,32,1.14,101.6
3sum,400229,610,29,1.14,101.7
3sum,400229,611,36,1.14,101.7
3sum,400229,612,33,1.14,101.7
3sum,400229,613,34,1.14,101.6
3sum,400229,614,62,1.14,101.7
3sum,400229,615,74,1.14,101.7
3sum,400229,616,39,1.14,101.8
3sum,400229,617,29,1.14,101.8
3sum,400229,618,32,1.14,101.8
3sum,400229,619,29,1.14,101.7
3sum,400229,620,40,1.14,101.7
3sum,400229,621,42,1.14,101.7
3sum,400229,622,41,1.14,101.5
3sum,400229,623,30,1.14,101.4
3sum,400229,624,37,1.14,101.4
3sum,400229,625,37,1.14,101.3
3sum,400229,626,31,1.14,101.2
3sum,400229,627,68,1.14,101.2
3sum,400229,628,64,1.14,101.2
3sum,400229,629,32,1.14,101.2
3sum,400229,630,35,1.14,101.2
3sum,400229,631,33,1.14,101.2
3sum,400229,632,29,1.14,101.2
3sum,400229,633,31,1.14,101.3
3sum,400229,634,31,1.14,101.3
3sum,400229,635,35,1.14,101.3
3sum,400229,636,38,1.14,101.3
3sum,400229,637,36,1.14,101.3
3sum,400229,638,38,1.14,101.4
3sum,400229,639,33,1.14,101.3
3sum,400229,640,38,1.14,101.3
3sum,400229,641,37,1.14,101.2
3sum,400229,642,67,1.14,101.2
3sum,400229,643,74,1.14,101.0
3sum,400229,644,33,1.14,101.3
3sum,400229,645,38,1.14,101.3
3sum,400229,646,40,1.14,101.3
3sum,400229,647,32,1.14,101.2
3sum,400229,648,28,1.14,101.2
3sum,400229,649,33,1.14,101.1
3sum,400229,650,26,1.15,101.1
3sum,400229,651,27,1.15,101.1
3sum,400229,652,36,1.15,101.1
3sum,400229,653,29,1.15,101.0
3sum,400229,654,73,1.15,101.2
3sum,400229,655,63,1.15,101.0
3sum,400229,656,40,1.15,101.0
3sum,400229,657,32,1.15,101.0
3sum,400229,658,38,1.15,101.0
3sum,400229,659,36,1.15,101.0
3sum,400229,660,40,1.15,100.9
3sum,400229,661,37,1.15,100.8
3sum,400229,662,34,1.15,100.8
3sum,400229,663,31,1.15,100.8
3sum,400229,664,31,1.15,100.8
3sum,400229,665,26,1.15,100.7
3sum,400229,666,35,1.15,100.7
3sum,400229,667,62,1.15,100.8
3sum,400229,668,75,1.15,100.7
3sum,400229,669,29,1.15,100.6
3sum,400229,670,39,1.15,100.5
3sum,400229,671,72,1.15,100.6
3sum,400229,672,76,1.15,100.5
3sum,400229,673,32,1.15,100.5
3sum,400229,674,72,1.15,100.8
3sum,400229,675,63,1.15,100.8
3sum,400229,676,32,1.15,100.7
3sum,400229,677,26,1.15,100.7
3sum,400229,678,36,1.15,100.6
3sum,400229,679,70,1.15,100.7
3sum,400229,680,40,1.15,100.6
3sum,400229,681,68,1.15,100.8
3sum,400229,682,39,1.15,100.8
3sum,400229,683,35,1.15,100.8
3sum,400229,684,27,1.15,100.9
3sum,400229,685,68,1.15,101.1
3sum,400229,686,70,1.15,100.9
3sum,400229,687,34,1.15,101.0
3sum,400229,688,35,1.15,100.9
3sum,400229,689,73,1.15,101.0
3sum,400229,690,70,1.15,101.0
3sum,400229,691,36,1.15,101.0
3sum,400229,692,35,1.15,100.9
3sum,400229,693,31,1.15,100.9
3sum,400229,694,34,1.15,101.0
3sum,400229,695,31,1.15,101.0
3sum,400229,696,67,1.15,101.1
3sum,400229,697,71,1.15,101.0
3sum,400229,698,63,1.15,100.9
3sum,400229,699,70,1.15,100.9
3sum,400229,700,36,1.15,101.1
3sum,400229,701,31,1.15,101.0
3sum,400229,702,30,1.15,101.0
3sum,400229,703,61,1.15,101.1
3sum,400229,704,71,1.15,101.1
3sum,400229,705,37,1.15,101.0
3sum,400229,706,36,1.15,101.0
3sum,400229,707,35,1.15,101.0
3sum,400229,708,35,1.15,100.9
3sum,400229,709,31,1.16,101.0
3sum,400229,710,35,1.16,101.0
3sum,400229,711,45,1.16,101.0
3sum,400229,712,34,1.16,101.0
3sum,400229,713,40,1.16,101.0
3sum,400229,714,30,1.16,101.0
3sum,400229,715,67,1.15,100.9
3sum,400229,716,69,1.15,100.8
3sum,400229,717,30,1.15,100.9
3sum,400229,718,30,1.15,100.8
3sum,400229,719,58,1.15,100.9
3sum,400229,720,39,1.15,100.9
3sum,400229,721,77,1.15,101.1
3sum,400229,722,61,1.15,101.0
3sum,400229,723,61,1.15,101.0
3sum,400229,724,34,1.15,101.0
3sum,400229,725,36,1.15,101.0
3sum,400229,726,20,1.15,101.0
3sum,400229,727,67,1.15,101.0
3sum,400229,728,32,1.15,101.0
3sum,400229,729,32,1.15,100.9
3sum,400229,730,70,1.15,101.1
3sum,400229,731,69,1.15,101.0
3sum,400229,732,29,1.15,101.3
3sum,400229,733,68,1.15,101.3
3sum,400229,734,40,1.15,101.3
3sum,400229,735,33,1.15,101.2
3sum,400229,736,35,1.15,101.4
3sum,400229,737,74,1.15,101.4
3sum,400229,738,68,1.15,101.3
3sum,400229,739,65,1.15,101.3
3sum,400229,740,70,1.15,101.3
3sum,400229,741,36,1.15,101.3
3sum,400229,742,40,1.15,101.3
3sum,400229,743,65,1.16,101.5
3sum,400229,744,36,1.16,101.5
3sum,400229,745,68,1.16,101.5
3sum,400229,746,29,1.16,101.7
3sum,400229,747,34,1.16,101.6
3sum,400229,748,39,1.16,101.5
3sum,400229,749,34,1.16,101.6
3sum,400229,750,30,1.16,101.7
3sum,400229,751,42,1.16,101.6
3sum,400229,752,42,1.16,101.7
3sum,400229,753,41,1.16,101.7
3sum,400229,754,36,1.16,101.7
3sum,400229,755,23,1.16,101.7
3sum,400229,756,27,1.16,101.7
3sum,400229,757,67,1.16,101.8
3sum,400229,758,75,1.16,101.8
3sum,400229,759,30,1.16,101.9
3sum,400229,760,30,1.16,102.0
3sum,400229,761,30,1.16,102.0
3sum,400229,762,21,1.16,102.0
3sum,400229,763,30,1.16,102.0
3sum,400229,764,39,1.16,102.0
3sum,400229,765,27,1.16,102.0
3sum,400229,766,26,1.16,101.9
3sum,400229,767,31,1.16,101.9
3sum,400229,768,41,1.16,102.0
3sum,400229,769,76,1.16,101.9
3sum,400229,770,72,1.16,101.9
3sum,400229,771,30,1.16,101.8
3sum,400229,772,32,1.16,101.8
3sum,400229,773,35,1.17,101.8
3sum,400229,774,29,1.17,101.8
3sum,400229,775,31,1.17,101.8
3sum,400229,776,35,1.17,101.8
3sum,400229,777,65,1.17,102.0
3sum,400229,778,64,1.17,102.0
3sum,400229,779,33,1.17,101.9
3sum,400229,780,37,1.17,101.9
3sum,400229,781,24,1.17,101.8
3sum,400229,782,35,1.17,101.9
3sum,400229,783,37,1.17,101.9
3sum,400229,784,40,1.17,102.0
3sum,400229,785,33,1.17,102.0
3sum,400229,786,35,1.17,101.9
3sum,400229,787,37,1.17,101.8
3sum,400229,788,34,1.17,101.8
3sum,400229,789,37,1.17,101.7
3sum,400229,790,74,1.17,101.7
3sum,400229,791,32,1.17,101.7
3sum,400229,792,65,1.17,101.7
3sum,400229,793,70,1.17,101.6
3sum,400229,794,69,1.17,101.6
3sum,400229,795,28,1.18,101.8
3sum,400229,796,36,1.18,101.7
3sum,400229,797,36,1.18,101.7
3sum,400229,798,27,1.18,101.7
3sum,400229,799,25,1.18,101.7
3sum,400229,800,32,1.18,101.8
3sum,400229,801,31,1.18,101.8
3sum,400229,802,29,1.18,101.8
3sum,400229,803,28,1.18,101.7
3sum,400229,804,41,1.18,101.8
3sum,400229,805,63,1.18,101.8
3sum,400229,806,70,1.18,101.8
3sum,400229,807,40,1.18,101.7
3sum,400229,808,28,1.18,101.7
3sum,400229,809,36,1.18,101.7
3sum,400229,810,65,1.18,101.7
3sum,400229,811,34,1.18,101.8
3sum,400229,812,66,1.18,101.7
3sum,400229,813,36,1.18,101.7
3sum,400229,814,40,1.18,101.7
3sum,400229,815,36,1.18,101.7
3sum,400229,816,37,1.18,101.6
3sum,400229,817,28,1.18,101.6
3sum,400229,818,32,1.18,101.7
3sum,400229,819,28,1.19,101.8
3sum,400229,820,38,1.19,101.8
3sum,400229,821,31,1.19,101.7
3sum,400229,822,29,1.19,101.8
3sum,400229,823,40,1.19,101.7
3sum,400229,824,41,1.19,101.7
3sum,400229,825,29,1.19,101.8
3sum,400229,826,28,1.19,101.8
3sum,400229,827,23,1.19,101.7
3sum,400229,828,33,1.19,101.8
3sum,400229,829,29,1.19,101.8
3sum,400229,830,30,1.19,101.8
3sum,400229,831,28,1.19,101.8
3sum,400229,832,44,1.19,101.8
3sum,400229,833,71,1.19,101.9
3sum,400229,834,69,1.19,101.8
3sum,400229,835,30,1.19,101.7
3sum,400229,836,68,1.19,101.7
3sum,400229,837,32,1.19,101.8
3sum,400229,838,25,1.19,101.7
3sum,400229,839,68,1.19,101.9
3sum,400229,840,70,1.19,101.9
3sum,400229,841,72,1.19,101.8
3sum,400229,842,33,1.19,102.0
3sum,400229,843,28,1.19,102.1
3sum,400229,844,37,1.19,102.1
3sum,400229,845,75,1.19,102.1
3sum,400229,846,70,1.19,102.1
3sum,400229,847,32,1.19,102.1
3sum,400229,848,80,1.19,102.3
3sum,400229,849,62,1.19,102.2
3sum,400229,850,33,1.19,102.3
3sum,400229,851,22,1.19,102.3
3sum,400229,852,38,1.19,102.3
3sum,400229,853,36,1.19,102.3
3sum,400229,854,37,1.19,102.4
3sum,400229,855,33,1.19,102.3
3sum,400229,856,30,1.19,102.4
3sum,400229,857,36,1.19,102.4
3sum,400229,858,21,1.19,102.5
3sum,400229,859,29,1.19,102.4
3sum,400229,860,36,1.19,102.5
3sum,400229,861,60,1.19,102.6
3sum,400229,862,80,1.19,102.5
3sum,400229,863,41,1.19,102.4
3sum,400229,864,34,1.19,102.5
3sum,400229,865,38,1.19,102.5
3sum,400229,866,28,1.19,102.6
3sum,400229,867,28,1.19,102.5
3sum,400229,868,38,1.19,102.5
3sum,400229,869,31,1.19,102.6
3sum,400229,870,33,1.19,102.5
3sum,400229,871,35,1.19,102.5
3sum,400229,872,35,1.19,102.4
3sum,400229,873,29,1.19,102.5
3sum,400229,874,37,1.19,102.6
3sum,400229,875,71,1.19,102.6
3sum,400229,876,40,1.19,102.7
3sum,400229,877,67,1.18,102.6
3sum,400229,878,23,1.18,102.7
3sum,400229,879,64,1.18,102.8
3sum,400229,880,74,1.18,102.8
3sum,400229,881,62,1.18,102.7
3sum,400229,882,70,1.18,102.8
3sum,400229,883,29,1.19,102.8
3sum,400229,884,33,1.19,102.8
3sum,400229,885,29,1.19,102.8
3sum,400229,886,68,1.19,102.9
3sum,400229,887,67,1.19,102.8
3sum,400229,888,35,1.19,102.9
3sum,400229,889,41,1.19,102.9
3sum,400229,890,34,1.19,103.0
3sum,400229,891,70,1.19,103.1
3sum,400229,892,72,1.19,103.0
3sum,400229,893,34,1.19,103.1
3sum,400229,894,33,1.19,103.0
3sum,400229,895,39,1.19,103.0
3sum,400229,896,39,1.19,103.0
3sum,400229,897,28,1.19,103.0
3sum,400229,898,38,1.19,103.0
3sum,400229,899,37,1.19,103.0
3sum,400229,900,33,1.19,103.0
3sum,400229,901,31,1.19,102.9
3sum,400229,902,31,1.19,102.9
3sum,400229,903,36,1.19,103.0
3sum,400229,904,41,1.19,103.0
3sum,400229,905,65,1.19,103.0
3sum,400229,906,65,1.19,103.0
3sum,400229,907,31,1.19,102.9
3sum,400229,908,36,1.19,102.9
3sum,400229,909,40,1.19,103.1
3sum,400229,910,39,1.19,103.0
3sum,400229,911,36,1.19,103.0
3sum,400229,912,34,1.19,103.1
3sum,400229,913,71,1.19,103.1
3sum,400229,914,68,1.19,103.1
3sum,400229,915,40,1.19,103.1
3sum,400229,916,72,1.20,103.1
3sum,400229,917,65,1.20,103.0
3sum,400229,918,31,1.19,103.1
3sum,400229,919,39,1.19,103.0
3sum,400229,920,36,1.19,103.1
3sum,400229,921,32,1.19,103.1
3sum,400229,922,32,1.19,103.1
3sum,400229,923,36,1.19,103.1
3sum,400229,924,33,1.19,103.1
3sum,400229,925,26,1.19,103.1
3sum,400229,926,31,1.19,103.1
3sum,400229,927,40,1.19,103.1
3sum,400229,928,64,1.19,103.2
3sum,400229,929,68,1.19,103.2
3sum,400229,930,34,1.19,103.2
3sum,400229,931,41,1.19,103.1
3sum,400229,932,36,1.19,103.1
3sum,400229,933,77,1.19,103.2
3sum,400229,934,72,1.19,103.2
3sum,400229,935,35,1.19,103.3
3sum,400229,936,32,1.19,103.3
3sum,400229,937,74,1.19,103.4
3sum,400229,938,68,1.19,103.4
3sum,400229,939,33,1.19,103.4
3sum,400229,940,40,1.19,103.3
3sum,400229,941,38,1.19,103.3
3sum,400229,942,44,1.19,103.3
3sum,400229,943,32,1.19,103.3
3sum,400229,944,79,1.19,103.5
3sum,400229,945,68,1.19,103.4
3sum,400229,946,34,1.19,103.5
3sum,400229,947,46,1.19,103.5
3sum,400229,948,65,1.19,103.5
3sum,400229,949,74,1.19,103.4
3sum,400229,950,34,1.19,103.6
3sum,400229,951,35,1.19,103.5
3sum,400229,952,38,1.19,103.4
3sum,400229,953,33,1.19,103.4
3sum,400229,954,30,1.19,103.4
3sum,400229,955,36,1.19,103.4
3sum,400229,956,42,1.19,103.4
3sum,400229,957,70,1.19,103.4
3sum,400229,958,69,1.19,103.4
3sum,400229,959,35,1.19,103.4
3sum,400229,960,45,1.19,103.4
3sum,400229,961,33,1.18,103.4
3sum,400229,962,35,1.18,103.4
3sum,400229,963,32,1.18,103.3
3sum,400229,964,39,1.18,103.3
3sum,400229,965,32,1.18,103.3
3sum,400229,966,32,1.18,103.3
3sum,400229,967,69,1.18,103.4
3sum,400229,968,70,1.18,103.3
3sum,400229,969,39,1.19,103.4
3sum,400229,970,65,1.19,103.4
3sum,400229,971,72,1.19,103.4
3sum,400229,972,37,1.19,103.4
3sum,400229,973,35,1.19,103.5
3sum,400229,974,62,1.19,103.6
3sum,400229,975,72,1.19,103.5
3sum,400229,976,28,1.19,103.6
3sum,400229,977,46,1.19,103.6
3sum,400229,978,32,1.19,103.5
3sum,400229,979,66,1.19,103.7
3sum,400229,980,67,1.19,103.7
3sum,400229,981,69,1.19,103.7
3sum,400229,982,70,1.19,103.7
3sum,400229,983,32,1.19,103.7
3sum,400229,984,69,1.19,103.8
3sum,400229,985,64,1.19,103.7
3sum,400229,986,33,1.19,103.7
3sum,400229,987,37,1.19,103.7
3sum,400229,988,38,1.19,103.7
3sum,400229,989,37,1.19,103.7
3sum,400229,990,35,1.19,103.7
3sum,400229,991,37,1.19,103.7
3sum,400229,992,74,1.19,103.8
3sum,400229,993,62,1.19,103.7
3sum,400229,994,33,1.19,103.7
3sum,400229,995,40,1.19,103.7
3sum,400229,996,31,1.19,103.7
3sum,400229,997,30,1.19,103.7
3sum,400229,998,32,1.19,103.7
3sum,400229,999,34,1.19,103.8
3sum,400229,1000,70,1.19,103.9
3sum,40021f,0,0,0.00000,0.00000
3sum,40021f,1,0,25.18,0.00000
3sum,40021f,2,82,3.52,20.3
3sum,40021f,3,69,2.13,30.6
3sum,40021f,4,35,1.52,33.1
3sum,40021f,5,40,1.19,37.2
3sum,40021f,6,75,0.97192,39.3
3sum,40021f,7,69,0.82269,44.0
3sum,40021f,8,66,0.71315,46.0
3sum,40021f,9,39,0.62787,46.9
3sum,40021f,10,74,0.56563,52.7
3sum,40021f,11,70,0.51358,56.9
3sum,40021f,12,37,0.47006,62.8
3sum,40021f,13,46,0.43333,61.9
3sum,40021f,14,73,0.40194,91.3
3sum,40021f,15,76,0.37464,91.4
3sum,40021f,16,37,0.35082,92.2
3sum,40021f,17,30,0.33051,87.1
3sum,40021f,18,44,0.31245,84.2
3sum,40021f,19,35,0.29593,81.2
3sum,40021f,20,28,0.28097,82.4
3sum,40021f,21,62,0.26743,89.0
3sum,40021f,22,65,0.25511,98.8
3sum,40021f,23,29,0.24403,100.4
3sum,40021f,24,44,0.23398,97.2
3sum,40021f,25,33,0.22451,96.1
3sum,40021f,26,34,0.21582,96.6
3sum,40021f,27,67,0.20777,101.7
3sum,40021f,28,65,0.19988,107.2
3sum,40021f,29,32,0.19303,117.7
3sum,40021f,30,28,0.18673,115.5
3sum,40021f,31,73,0.18062,116.3
3sum,40021f,32,31,0.17491,116.0
3sum,40021f,33,67,0.16972,112.6
3sum,40021f,34,37,0.16484,127.3
3sum,40021f,35,32,0.16023,124.7
3sum,40021f,36,39,0.15588,122.0
3sum,40021f,37,34,0.15174,124.5
3sum,40021f,38,29,0.14783,124.1
3sum,40021f,39,37,0.14411,124.2
3sum,40021f,40,74,0.14058,123.6
3sum,40021f,41,75,0.13722,122.3
3sum,40021f,42,27,0.13401,121.6
3sum,40021f,43,45,0.13095,120.2
3sum,40021f,44,38,0.12803,120.3
3sum,40021f,45,35,0.12522,120.7
3sum,40021f,46,33,0.12247,120.6
3sum,40021f,47,70,0.11942,120.8
3sum,40021f,48,75,0.11670,120.0
3sum,40021f,49,37,0.11431,120.2
3sum,40021f,50,67,0.11208,119.1
3sum,40021f,51,71,0.10993,118.1
3sum,40021f,52,39,0.10787,122.4
3sum,40021f,53,26,0.10524,123.5
3sum,40021f,54,33,0.10246,122.8
3sum,40021f,55,66,0.10022,123.9
3sum,40021f,56,74,0.09850,123.2
3sum,40021f,57,67,0.09684,123.6
3sum,40021f,58,74,0.09524,122.7
3sum,40021f,59,31,0.09369,123.3
3sum,40021f,60,32,0.09219,122.4
3sum,40021f,61,31,0.09073,122.3
3sum,40021f,62,38,0.08932,121.9
3sum,40021f,63,38,0.08791,121.2
3sum,40021f,64,44,0.08654,120.4
3sum,40021f,65,33,0.08526,118.6
3sum,40021f,66,38,0.08402,117.7
3sum,40021f,67,31,0.08281,116.1
3sum,40021f,68,40,0.08163,115.9
3sum,40021f,69,32,0.08049,116.1
3sum,40021f,70,72,0.07938,115.7
3sum,40021f,71,31,0.07831,115.8
3sum,40021f,72,72,0.07719,116.5
3sum,40021f,73,37,0.07617,116.4
3sum,40021f,74,39,0.07518,115.7
3sum,40021f,75,40,0.07418,115.0
3sum,40021f,76,39,0.07322,115.8
3sum,40021f,77,41,0.07230,116.0
3sum,40021f,78,39,0.07141,116.4
3sum,40021f,79,77,0.07053,117.2
3sum,40021f,80,74,0.06968,119.2
3sum,40021f,81,28,0.06885,120.1
3sum,40021f,82,35,0.06804,119.4
3sum,40021f,83,36,0.06725,118.8
3sum,40021f,84,68,0.06647,123.5
3sum,40021f,85,68,0.06571,123.0
3sum,40021f,86,33,0.06497,123.1
3sum,40021f,87,37,0.06425,123.0
3sum,40021f,88,35,0.06354,122.9
3sum,40021f,89,33,0.06285,122.2
3sum,40021f,90,42,0.06217,122.5
3sum,40021f,91,38,0.06147,123.5
3sum,40021f,92,33,0.06082,123.5
3sum,40021f,93,36,0.06018,123.5
3sum,40021f,94,37,0.05956,123.5
3sum,40021f,95,36,0.05895,123.3
3sum,40021f,96,66,0.05836,123.6
3sum,40021f,97,40,0.05778,123.1
3sum,40021f,98,71,0.05721,123.4
3sum,40021f,99,41,0.05665,123.6
3sum,40021f,100,69,0.05610,124.4
3sum,40021f,101,62,0.05556,124.0
3sum,40021f,102,25,0.05503,124.5
3sum,40021f,103,35,0.05452,124.9
3sum,40021f,104,70,0.05401,128.9
3sum,40021f,105,39,0.05351,128.5
3sum,40021f,106,70,0.05302,128.4
3sum,40021f,107,40,0.05254,128.2
3sum,40021f,108,34,0.05207,127.6
3sum,40021f,109,64,0.05160,128.1
3sum,40021f,110,72,0.05112,128.4
3sum,40021f,111,33,0.05067,128.3
3sum,40021f,112,33,0.05023,128.0
3sum,40021f,113,32,0.04980,128.0
3sum,40021f,114,36,0.04938,127.4
3sum,40021f,115,47,0.04896,127.5
3sum,40021f,116,71,0.04855,128.5
3sum,40021f,117,68,0.04815,128.3
3sum,40021f,118,30,0.04774,128.3
3sum,40021f,119,37,0.04733,127.8
3sum,40021f,120,41,0.04694,128.4
3sum,40021f,121,42,0.04656,128.6
3sum,40021f,122,72,0.04619,130.3
3sum,40021f,123,36,0.04582,130.3
3sum,40021f,124,66,0.04547,130.3
3sum,40021f,125,27,0.04511,130.0
3sum,40021f,126,41,0.04477,129.3
3sum,40021f,127,36,0.04441,128.8
3sum,40021f,128,42,0.04406,128.6
3sum,40021f,129,28,0.04373,127.6
3sum,40021f,130,31,0.04338,126.8
3sum,40021f,131,34,0.04306,126.1
3sum,40021f,132,35,0.04275,125.7
3sum,40021f,133,33,0.04243,125.5
3sum,40021f,134,43,0.04213,127.4
3sum,40021f,135,32,0.04182,127.9
3sum,40021f,136,72,0.04153,130.5
3sum,40021f,137,69,0.04123,129.8
3sum,40021f,138,26,0.04094,130.4
3sum,40021f,139,33,0.04065,130.3
3sum,40021f,140,40,0.04037,129.9
3sum,40021f,141,38,0.04009,129.9
3sum,40021f,142,32,0.03981,129.7
3sum,40021f,143,69,0.03953,129.7
3sum,40021f,144,74,0.03926,129.7
3sum,40021f,145,34,0.03900,130.2
3sum,40021f,146,32,0.03874,129.5
3sum,40021f,147,32,0.03848,129.2
3sum,40021f,148,35,0.03823,129.1
3sum,40021f,149,44,0.03797,129.0
3sum,40021f,150,32,0.03772,129.2
3sum,40021f,151,37,0.03747,129.3
3sum,40021f,152,68,0.03723,129.3
3sum,40021f,153,59,0.03699,129.1
3sum,40021f,154,64,0.03675,128.7
3sum,40021f,155,29,0.03652,128.6
3sum,40021f,156,63,0.03630,129.0
3sum,40021f,157,34,0.03607,130.2
3sum,40021f,158,69,0.03585,130.6
3sum,40021f,159,77,0.03563,130.7
3sum,40021f,160,40,0.03541,131.1
3sum,40021f,161,36,0.03520,130.9
3sum,40021f,162,69,0.03498,130.9
3sum,40021f,163,62,0.03477,130.5
3sum,40021f,164,37,0.03456,130.4
3sum,40021f,165,30,0.03436,130.0
3sum,40021f,166,42,0.03416,130.2
3sum,40021f,167,73,0.03395,131.2
3sum,40021f,168,64,0.03374,131.1
3sum,40021f,169,36,0.03354,131.3
3sum,40021f,170,42,0.03334,130.8
3sum,40021f,171,75,0.03315,132.4
3sum,40021f,172,37,0.03296,132.6
3sum,40021f,173,67,0.03278,132.5
3sum,40021f,174,33,0.03259,132.5
3sum,40021f,175,47,0.03241,132.1
3sum,40021f,176,39,0.03222,132.0
3sum,40021f,177,36,0.03205,131.9
3sum,40021f,178,31,0.03187,131.7
3sum,40021f,179,38,0.03170,131.7
3sum,40021f,180,68,0.03152,132.3
3sum,40021f,181,66,0.03135,132.2
3sum,40021f,182,66,0.03118,131.8
3sum,40021f,183,66,0.03101,131.3
3sum,40021f,184,37,0.03084,131.8
3sum,40021f,185,39,0.03068,131.4
3sum,40021f,186,70,0.03052,132.4
3sum,40021f,187,74,0.03035,132.1
3sum,40021f,188,77,0.03019,132.1
3sum,40021f,189,74,0.03004,132.1
3sum,40021f,190,37,0.02988,132.6
3sum,40021f,191,41,0.02973,132.6
3sum,40021f,192,73,0.02958,133.5
3sum,40021f,193,61,0.02943,133.1
3sum,40021f,194,73,0.02929,133.0
3sum,40021f,195,69,0.02914,132.8
3sum,40021f,196,36,0.02900,133.5
3sum,40021f,197,37,0.02886,133.2
3sum,40021f,198,29,0.02871,133.1
3sum,40021f,199,38,0.02858,133.2
3sum,40021f,200,41,0.02844,133.1
3sum,40021f,201,31,0.02830,133.2
3sum,40021f,202,35,0.02816,133.1
3sum,40021f,203,40,0.02803,133.2
3sum,40021f,204,40,0.02790,133.3
3sum,40021f,205,33,0.02777,133.0
3sum,40021f,206,68,0.02763,133.0
3sum,40021f,207,80,0.02750,132.7
3sum,40021f,208,31,0.02737,132.9
3sum,40021f,209,29,0.02724,132.6
3sum,40021f,210,32,0.02712,132.5
3sum,40021f,211,31,0.02699,132.6
3sum,40021f,212,33,0.02687,132.2
3sum,40021f,213,40,0.02675,132.2
3sum,40021f,214,38,0.02663,132.3
3sum,40021f,215,39,0.02651,132.1
3sum,40021f,216,74,0.02639,133.0
3sum,40021f,217,69,0.02627,133.0
3sum,40021f,218,39,0.02615,133.1
3sum,40021f,219,79,0.02604,133.4
3sum,40021f,220,74,0.02592,133.1
3sum,40021f,221,28,0.02581,133.1
3sum,40021f,222,36,0.02570,132.9
3sum,40021f,223,40,0.02559,133.0
3sum,40021f,224,47,0.02547,132.9
3sum,40021f,225,34,0.02537,133.3
3sum,40021f,226,69,0.02525,133.8
3sum,40021f,227,75,0.02514,133.4
3sum,40021f,228,33,0.02504,133.2
3sum,40021f,229,30,0.02493,133.0
3sum,40021f,230,39,0.02483,132.8
3sum,40021f,231,66,0.02472,133.7
3sum,40021f,232,71,0.02462,133.4
3sum,40021f,233,24,0.02452,133.5
3sum,40021f,234,33,0.02441,133.1
3sum,40021f,235,36,0.02431,132.9
3sum,40021f,236,32,0.02422,132.8
3sum,40021f,237,34,0.02412,132.8
3sum,40021f,238,33,0.02402,132.7
3sum,40021f,239,40,0.02392,132.7
3sum,40021f,240,28,0.02383,132.7
3sum,40021f,241,34,0.02373,132.5
3sum,40021f,242,32,0.02363,132.3
3sum,40021f,243,38,0.02354,132.3
3sum,40021f,244,34,0.02345,132.2
3sum,40021f,245,36,0.02335,132.4
3sum,40021f,246,32,0.02326,132.4
3sum,40021f,247,35,0.02317,132.4
3sum,40021f,248,39,0.02308,132.5
3sum,40021f,249,36,0.02299,132.6
3sum,40021f,250,34,0.02290,132.7
3sum,40021f,251,43,0.02281,133.0
3sum,40021f,252,34,0.02272,133.1
3sum,40021f,253,69,0.02263,133.1
3sum,40021f,254,42,0.02254,132.9
3sum,40021f,255,40,0.02245,132.6
3sum,40021f,256,84,0.02236,132.3
3sum,40021f,257,59,0.02228,131.8
3sum,40021f,258,72,0.02219,131.5
3sum,40021f,259,35,0.02210,131.3
3sum,40021f,260,37,0.02202,131.4
3sum,40021f,261,29,0.02194,131.4
3sum,40021f,262,40,0.02186,131.3
3sum,40021f,263,31,0.02178,131.1
3sum,40021f,264,37,0.02169,131.2
3sum,40021f,265,34,0.02161,130.8
3sum,40021f,266,35,0.02153,130.6
3sum,40021f,267,73,0.02145,131.0
3sum,40021f,268,38,0.02138,131.5
3sum,40021f,269,68,0.02130,131.3
3sum,40021f,270,37,0.02122,131.0
3sum,40021f,271,43,0.02115,130.9
3sum,40021f,272,35,0.02107,130.9
3sum,40021f,273,34,0.02100,131.1
3sum,40021f,274,68,0.02093,131.9
3sum,40021f,275,72,0.02085,131.8
3sum,40021f,276,36,0.02078,131.9
3sum,40021f,277,62,0.02071,131.7
3sum,40021f,278,78,0.02064,131.6
3sum,40021f,279,34,0.02056,132.4
3sum,40021f,280,42,0.02049,132.2
3sum,40021f,281,31,0.02042,131.9
3sum,40021f,282,71,0.02031,132.2
3sum,40021f,283,33,0.02020,132.1
3sum,40021f,284,72,0.02012,132.4
3sum,40021f,285,35,0.02005,132.2
3sum,40021f,286,37,0.01998,132.0
3sum,40021f,287,34,0.01991,131.9
3sum,40021f,288,43,0.01985,132.0
3sum,40021f,289,34,0.01978,132.2
3sum,40021f,290,28,0.01972,132.1
3sum,40021f,291,40,0.01965,132.3
3sum,40021f,292,40,0.01959,132.4
3sum,40021f,293,36,0.01952,132.2
3sum,40021f,294,33,0.01946,132.4
3sum,40021f,295,35,0.01940,132.4
3sum,40021f,296,31,0.01933,132.2
3sum,40021f,297,41,0.01927,132.4
3sum,40021f,298,28,0.01921,132.4
3sum,40021f,299,44,0.01915,132.4
3sum,40021f,300,26,0.01908,132.2
3sum,40021f,301,65,0.01902,132.2
3sum,40021f,302,79,0.01896,131.8
3sum,40021f,303,39,0.01890,132.6
3sum,40021f,304,39,0.01884,132.4
3sum,40021f,305,38,0.01878,132.2
3sum,40021f,306,36,0.01872,132.1
3sum,40021f,307,33,0.01866,131.9
3sum,40021f,308,36,0.01860,132.0
3sum,40021f,309,59,0.01854,132.4
3sum,40021f,310,63,0.01848,132.1
3sum,40021f,311,34,0.01842,132.2
3sum,40021f,312,38,0.01836,132.1
3sum,40021f,313,38,0.01831,132.3
3sum,40021f,314,35,0.01825,132.3
3sum,40021f,315,34,0.01819,132.2
3sum,40021f,316,61,0.01814,133.1
3sum,40021f,317,64,0.01808,132.9
3sum,40021f,318,42,0.01803,132.8
3sum,40021f,319,39,0.01798,132.6
3sum,40021f,320,36,0.01792,132.5
3sum,40021f,321,35,0.01786,132.6
3sum,40021f,322,32,0.01781,132.5
3sum,40021f,323,42,0.01776,132.5
3sum,40021f,324,35,0.01771,132.3
3sum,40021f,325,41,0.01765,132.4
3sum,40021f,326,64,0.01760,132.3
3sum,40021f,327,71,0.01755,132.1
3sum,40021f,328,33,0.01750,132.1
3sum,40021f,329,42,0.01745,132.1
3sum,40021f,330,38,0.01740,132.0
3sum,40021f,331,46,0.01735,131.9
3sum,40021f,332,31,0.01730,131.8
3sum,40021f,333,31,0.01725,131.8
3sum,40021f,334,41,0.01720,131.8
3sum,40021f,335,44,0.01715,131.9
3sum,40021f,336,44,0.01710,131.8
3sum,40021f,337,32,0.01705,131.9
3sum,40021f,338,35,0.01700,131.9
3sum,40021f,339,66,0.01695,132.0
3sum,40021f,340,70,0.01690,131.9
3sum,40021f,341,32,0.01686,131.8
3sum,40021f,342,71,0.01681,132.2
3sum,40021f,343,71,0.01676,132.1
3sum,40021f,344,38,0.01672,132.1
3sum,40021f,345,39,0.01667,132.0
3sum,40021f,346,28,0.01662,132.0
3sum,40021f,347,33,0.01658,131.9
3sum,40021f,348,43,0.01653,132.1
3sum,40021f,349,33,0.01649,132.0
3sum,40021f,350,35,0.01644,132.0
3sum,40021f,351,47,0.01640,132.1
3sum,40021f,352,48,0.01635,132.1
3sum,40021f,353,63,0.01631,132.2
3sum,40021f,354,28,0.01626,132.1
3sum,40021f,355,69,0.01622,132.0
3sum,40021f,356,43,0.01618,131.9
3sum,40021f,357,19,0.01613,131.8
3sum,40021f,358,40,0.01609,131.6
3sum,40021f,359,72,0.01604,132.0
3sum,40021f,360,75,0.01600,131.9
3sum,40021f,361,36,0.01596,131.8
3sum,40021f,362,38,0.01592,131.7
3sum,40021f,363,36,0.01588,131.7
3sum,40021f,364,37,0.01583,131.7
3sum,40021f,365,76,0.01579,132.3
3sum,40021f,366,33,0.01575,132.3
3sum,40021f,367,76,0.01571,132.4
3sum,40021f,368,41,0.01567,132.4
3sum,40021f,369,39,0.01563,132.1
3sum,40021f,370,32,0.01559,132.0
3sum,40021f,371,37,0.01555,132.1
3sum,40021f,372,37,0.01551,132.0
3sum,40021f,373,32,0.01547,132.0
3sum,40021f,374,39,0.01543,132.1
3sum,40021f,375,27,0.01539,132.1
3sum,40021f,376,75,0.01535,132.3
3sum,40021f,377,67,0.01531,132.2
3sum,40021f,378,37,0.01527,132.2
3sum,40021f,379,42,0.01523,132.1
3sum,40021f,380,20,0.01519,132.3
3sum,40021f,381,29,0.01515,132.1
3sum,40021f,382,33,0.01512,132.3
3sum,40021f,383,46,0.01508,132.2
3sum,40021f,384,37,0.01504,132.2
3sum,40021f,385,31,0.01500,132.1
3sum,40021f,386,29,0.01497,132.1
3sum,40021f,387,35,0.01493,132.1
3sum,40021f,388,32,0.01489,131.9
3sum,40021f,389,21,0.01486,131.9
3sum,40021f,390,39,0.01482,131.8
3sum,40021f,391,73,0.01478,131.8
3sum,40021f,392,73,0.01475,131.7
3sum,40021f,393,38,0.01471,131.8
3sum,40021f,394,41,0.01468,131.6
3sum,40021f,395,32,0.01464,131.6
3sum,40021f,396,36,0.01460,131.6
3sum,40021f,397,29,0.01457,131.5
3sum,40021f,398,38,0.01453,131.7
3sum,40021f,399,43,0.01450,131.7
3sum,40021f,400,44,0.01446,131.6
3sum,40021f,401,33,0.01443,131.7
3sum,40021f,402,29,0.01439,131.8
3sum,40021f,403,42,0.01436,131.6
3sum,40021f,404,30,0.01432,131.7
3sum,40021f,405,71,0.01429,131.9
3sum,40021f,406,70,0.01426,131.8
3sum,40021f,407,71,0.01422,131.7
3sum,40021f,408,75,0.01419,131.6
3sum,40021f,409,69,0.01416,131.4
3sum,40021f,410,65,0.01412,131.3
3sum,40021f,411,35,0.01409,131.9
3sum,40021f,412,42,0.01406,131.9
3sum,40021f,413,61,0.01403,132.0
3sum,40021f,414,69,0.01399,131.9
3sum,40021f,415,35,0.01396,132.1
3sum,40021f,416,34,0.01393,132.0
3sum,40021f,417,31,0.01390,131.8
3sum,40021f,418,34,0.01386,131.9
3sum,40021f,419,39,0.01383,131.8
3sum,40021f,420,34,0.01380,131.6
3sum,40021f,421,37,0.01377,131.6
3sum,40021f,422,34,0.01374,131.4
3sum,40021f,423,40,0.01371,131.4
3sum,40021f,424,22,0.01368,131.3
3sum,40021f,425,39,0.01365,131.4
3sum,40021f,426,38,0.01362,131.4
3sum,40021f,427,69,0.01358,131.8
3sum,40021f,428,65,0.01355,131.7
3sum,40021f,429,32,0.01352,131.6
3sum,40021f,430,38,0.01349,131.6
3sum,40021f,431,47,0.01346,131.6
3sum,40021f,432,74,0.01344,132.0
3sum,40021f,433,63,0.01341,131.8
3sum,40021f,434,33,0.01338,131.8
3sum,40021f,435,39,0.01335,131.6
3sum,40021f,436,68,0.01332,131.9
3sum,40021f,437,62,0.01329,131.8
3sum,40021f,438,30,0.01326,131.9
3sum,40021f,439,37,0.01323,131.8
3sum,40021f,440,37,0.01320,131.6
3sum,40021f,441,37,0.01317,131.6
3sum,40021f,442,36,0.01314,131.5
3sum,40021f,443,37,0.01312,131.5
3sum,40021f,444,29,0.01309,131.4
3sum,40021f,445,47,0.01306,131.5
3sum,40021f,446,37,0.01303,131.6
3sum,40021f,447,49,0.01300,131.7
3sum,40021f,448,37,0.01298,131.8
3sum,40021f,449,43,0.01295,131.7
3sum,40021f,450,39,0.01292,131.8
3sum,40021f,451,44,0.01289,131.7
3sum,40021f,452,34,0.01287,131.6
3sum,40021f,453,25,0.01284,131.7
3sum,40021f,454,32,0.01281,131.7
3sum,40021f,455,27,0.01278,131.6
3sum,40021f,456,38,0.01276,131.8
3sum,40021f,457,80,0.01273,131.9
3sum,40021f,458,69,0.01271,131.8
3sum,40021f,459,37,0.01268,132.1
3sum,40021f,460,40,0.01265,132.0
3sum,40021f,461,41,0.01263,132.0
3sum,40021f,462,28,0.01260,132.0
3sum,40021f,463,44,0.01257,132.0
3sum,40021f,464,40,0.01255,132.0
3sum,40021f,465,36,0.01252,132.1
3sum,40021f,466,59,0.01250,132.2
3sum,40021f,467,58,0.01247,132.1
3sum,40021f,468,39,0.01245,132.1
3sum,40021f,469,38,0.01242,132.1
3sum,40021f,470,34,0.01240,132.1
3sum,40021f,471,68,0.01237,132.4
3sum,40021f,472,66,0.01235,132.3
3sum,40021f,473,30,0.01232,132.4
3sum,40021f,474,40,0.01230,132.2
3sum,40021f,475,26,0.01227,132.3
3sum,40021f,476,41,0.01225,132.2
3sum,40021f,477,36,0.01222,132.4
3sum,40021f,478,44,0.01220,132.4
3sum,40021f,479,36,0.01217,132.5
3sum,40021f,480,39,0.01215,132.5
3sum,40021f,481,26,0.01213,132.6
3sum,40021f,482,36,0.01210,132.6
3sum,40021f,483,78,0.01208,132.6
3sum,40021f,484,68,0.01205,132.4
3sum,40021f,485,35,0.01203,132.3
3sum,40021f,486,43,0.01201,132.3
3sum,40021f,487,37,0.01198,132.2
3sum,40021f,488,40,0.01196,132.4
3sum,40021f,489,42,0.01194,132.3
3sum,40021f,490,69,0.01191,132.5
3sum,40021f,491,65,0.01189,132.5
3sum,40021f,492,31,0.01187,132.5
3sum,40021f,493,31,0.01185,132.3
3sum,40021f,494,25,0.01182,132.2
3sum,40021f,495,76,0.01180,132.7
3sum,40021f,496,73,0.01178,132.7
3sum,40021f,497,67,0.01175,132.7
3sum,40021f,498,71,0.01173,132.6
3sum,40021f,499,37,0.01171,132.9
3sum,40021f,500,29,0.01169,132.9
3sum,40021f,501,29,0.01166,132.9
3sum,40021f,502,27,0.01164,132.8
3sum,40021f,503,38,0.01162,132.8
3sum,40021f,504,37,0.01160,133.0
3sum,40021f,505,31,0.01158,133.0
3sum,40021f,506,38,0.01155,133.1
3sum,40021f,507,37,0.01153,133.0
3sum,40021f,508,41,0.01151,133.0
3sum,40021f,509,64,0.01149,133.2
3sum,40021f,510,37,0.01147,133.2
3sum,40021f,511,74,0.01145,133.1
3sum,40021f,512,48,0.01142,132.9
3sum,40021f,513,27,0.01140,132.7
3sum,40021f,514,73,0.01138,132.6
3sum,40021f,515,70,0.01136,132.7
3sum,40021f,516,35,0.01134,132.6
3sum,40021f,517,65,0.01132,132.5
3sum,40021f,518,71,0.01130,132.4
3sum,40021f,519,29,0.01128,132.6
3sum,40021f,520,36,0.01126,132.4
3sum,40021f,521,38,0.01124,132.4
3sum,40021f,522,40,0.01122,132.3
3sum,40021f,523,38,0.01120,132.2
3sum,40021f,524,40,0.01117,132.2
3sum,40021f,525,30,0.01115,132.3
3sum,40021f,526,35,0.01113,132.3
3sum,40021f,527,30,0.01111,132.3
3sum,40021f,528,45,0.01109,132.2
3sum,40021f,529,37,0.01107,132.3
3sum,40021f,530,39,0.01106,132.2
3sum,40021f,531,34,0.01104,132.1
3sum,40021f,532,33,0.01102,132.1
3sum,40021f,533,75,0.01099,132.0
3sum,40021f,534,38,0.01098,131.9
3sum,40021f,535,73,0.01096,132.0
3sum,40021f,536,38,0.01094,132.0
3sum,40021f,537,65,0.01092,132.3
3sum,40021f,538,66,0.01090,132.2
3sum,40021f,539,84,0.01088,132.3
3sum,40021f,540,72,0.01086,132.2
3sum,40021f,541,40,0.01084,132.4
3sum,40021f,542,37,0.01082,132.2
3sum,40021f,543,46,0.01080,132.4
3sum,40021f,544,36,0.01078,132.3
3sum,40021f,545,68,0.01077,132.4
3sum,40021f,546,66,0.01075,132.3
3sum,40021f,547,26,0.01073,132.4
3sum,40021f,548,61,0.01071,132.3
3sum,40021f,549,65,0.01069,132.3
3sum,40021f,550,77,0.01067,132.2
3sum,40021f,551,37,0.01065,132.3
3sum,40021f,552,66,0.01063,132.3
3sum,40021f,553,35,0.01062,132.7
3sum,40021f,554,29,0.01060,132.6
3sum,40021f,555,34,0.01058,132.5
3sum,40021f,556,40,0.01056,132.4
3sum,40021f,557,33,0.01054,132.4
3sum,40021f,558,41,0.01053,132.4
3sum,40021f,559,35,0.01051,132.5
3sum,40021f,560,38,0.01049,132.6
3sum,40021f,561,28,0.01047,132.6
3sum,40021f,562,75,0.01046,132.7
3sum,40021f,563,37,0.01044,132.8
3sum,40021f,564,68,0.01042,132.8
3sum,40021f,565,28,0.01040,132.7
3sum,40021f,566,39,0.01039,132.5
3sum,40021f,567,72,0.01037,132.8
3sum,40021f,568,71,0.01035,132.8
3sum,40021f,569,43,0.01033,132.7
3sum,40021f,570,36,0.01032,132.6
3sum,40021f,571,39,0.01030,132.7
3sum,40021f,572,35,0.01028,132.6
3sum,40021f,573,39,0.01027,132.8
3sum,40021f,574,34,0.01025,132.7
3sum,40021f,575,75,0.01023,132.8
3sum,40021f,576,75,0.01021,132.8
3sum,40021f,577,70,0.01020,132.7
3sum,40021f,578,74,0.01018,132.6
3sum,40021f,579,64,0.01016,132.5
3sum,40021f,580,69,0.01015,132.5
3sum,40021f,581,42,0.01013,132.6
3sum,40021f,582,40,0.01012,132.6
3sum,40021f,583,35,0.01010,132.8
3sum,40021f,584,31,0.01008,132.9
3sum,40021f,585,37,0.01007,132.9
3sum,40021f,586,38,0.01005,132.9
3sum,40021f,587,30,0.01003,133.0
3sum,40021f,588,29,0.01002,133.0
3sum,40021f,589,34,0.01000,132.9
3sum,40021f,590,38,0.00999,133.0
3sum,40021f,591,32,0.00997,133.0
3sum,40021f,592,74,0.00995,132.9
3sum,40021f,593,64,0.00993,132.8
3sum,40021f,594,35,0.00992,133.1
3sum,40021f,595,42,0.00990,133.1
3sum,40021f,596,27,0.00989,133.0
3sum,40021f,597,39,0.00987,132.9
3sum,40021f,598,32,0.00985,133.0
3sum,40021f,599,32,0.00984,132.9
3sum,40021f,600,36,0.00982,132.9
3sum,40021f,601,31,0.00981,133.0
3sum,40021f,602,31,0.00979,132.9
3sum,40021f,603,41,0.00978,133.0
3sum,40021f,604,41,0.00976,132.9
3sum,40021f,605,69,0.00975,133.1
3sum,40021f,606,66,0.00973,132.9
3sum,40021f,607,40,0.00972,132.9
3sum,40021f,608,46,0.00970,132.9
3sum,40021f,609,31,0.00969,132.8
3sum,40021f,610,40,0.00967,132.8
3sum,40021f,611,33,0.00966,132.9
3sum,40021f,612,34,0.00964,132.9
3sum,40021f,613,59,0.00963,132.9
3sum,40021f,614,70,0.00961,132.8
3sum,40021f,615,40,0.00960,132.8
3sum,40021f,616,28,0.00958,132.7
3sum,40021f,617,34,0.00957,132.7
3sum,40021f,618,33,0.00955,132.7
3sum,40021f,619,37,0.00954,132.7
3sum,40021f,620,42,0.00952,132.8
3sum,40021f,621,38,0.00951,132.8
3sum,40021f,622,32,0.00949,132.7
3sum,40021f,623,39,0.00948,132.7
3sum,40021f,624,44,0.00947,132.7
3sum,40021f,625,30,0.00945,132.8
3sum,40021f,626,70,0.00944,132.8
3sum,40021f,627,67,0.00942,132.8
3sum,40021f,628,36,0.00941,132.7
3sum,40021f,629,33,0.00940,132.6
3sum,40021f,630,35,0.00938,132.5
3sum,40021f,631,39,0.00937,132.5
3sum,40021f,632,34,0.00935,132.6
3sum,40021f,633,33,0.00934,132.5
3sum,40021f,634,36,0.00932,132.6
3sum,40021f,635,41,0.00931,132.6
3sum,40021f,636,37,0.00930,132.6
3sum,40021f,637,35,0.00928,132.5
3sum,40021f,638,32,0.00927,132.6
3sum,40021f,639,41,0.00926,132.7
3sum,40021f,640,44,0.00924,132.7
3sum,40021f,641,67,0.00923,132.7
3sum,40021f,642,75,0.00922,132.6
3sum,40021f,643,39,0.00920,132.6
3sum,40021f,644,43,0.00919,132.5
3sum,40021f,645,41,0.00917,132.5
3sum,40021f,646,35,0.00916,132.5
3sum,40021f,647,32,0.00915,132.5
3sum,40021f,648,37,0.00914,132.5
3sum,40021f,649,28,0.00912,132.5
3sum,40021f,650,28,0.00911,132.5
3sum,40021f,651,41,0.00910,132.6
3sum,40021f,652,34,0.00908,132.6
3sum,40021f,653,76,0.00907,132.7
3sum,40021f,654,67,0.00906,132.5
3sum,40021f,655,37,0.00904,132.5
3sum,40021f,656,36,0.00903,132.6
3sum,40021f,657,40,0.00902,132.6
3sum,40021f,658,40,0.00900,132.5
3sum,40021f,659,39,0.00899,132.5
3sum,40021f,660,38,0.00898,132.6
3sum,40021f,661,34,0.00897,132.6
3sum,40021f,662,33,0.00895,132.6
3sum,40021f,663,34,0.00894,132.5
3sum,40021f,664,30,0.00893,132.6
3sum,40021f,665,34,0.00892,132.5
3sum,40021f,666,65,0.00890,132.6
3sum,40021f,667,73,0.00889,132.5
3sum,40021f,668,36,0.00888,132.6
3sum,40021f,669,37,0.00887,132.5
3sum,40021f,670,75,0.00885,132.8
3sum,40021f,671,77,0.00884,132.7
3sum,40021f,672,36,0.00883,132.7
3sum,40021f,673,76,0.00882,132.9
3sum,40021f,674,58,0.00880,132.9
3sum,40021f,675,34,0.00879,132.9
3sum,40021f,676,35,0.00878,132.8
3sum,40021f,677,37,0.00877,132.8
3sum,40021f,678,71,0.00875,132.8
3sum,40021f,679,41,0.00874,132.8
3sum,40021f,680,69,0.00873,132.8
3sum,40021f,681,45,0.00872,132.8
3sum,40021f,682,38,0.00871,132.7
3sum,40021f,683,33,0.00869,132.8
3sum,40021f,684,74,0.00868,133.1
3sum,40021f,685,70,0.00867,133.0
3sum,40021f,686,35,0.00866,133.1
3sum,40021f,687,35,0.00865,133.1
3sum,40021f,688,75,0.00864,133.4
3sum,40021f,689,69,0.00862,133.3
3sum,40021f,690,39,0.00861,133.2
3sum,40021f,691,40,0.00860,133.2
3sum,40021f,692,32,0.00859,133.2
3sum,40021f,693,38,0.00858,133.2
3sum,40021f,694,34,0.00857,133.2
3sum,40021f,695,71,0.00855,133.5
3sum,40021f,696,73,0.00854,133.3
3sum,40021f,697,64,0.00853,133.3
3sum,40021f,698,69,0.00852,133.3
3sum,40021f,699,42,0.00851,133.4
3sum,40021f,700,35,0.00850,133.4
3sum,40021f,701,33,0.00849,133.4
3sum,40021f,702,65,0.00847,133.8
3sum,40021f,703,68,0.00846,133.7
3sum,40021f,704,34,0.00845,133.6
3sum,40021f,705,42,0.00844,133.5
3sum,40021f,706,36,0.00843,133.5
3sum,40021f,707,36,0.00842,133.5
3sum,40021f,708,33,0.00841,133.6
3sum,40021f,709,33,0.00840,133.5
3sum,40021f,710,48,0.00838,133.6
3sum,40021f,711,40,0.00837,133.6
3sum,40021f,712,41,0.00836,133.7
3sum,40021f,713,31,0.00835,133.7
3sum,40021f,714,67,0.00834,133.9
3sum,40021f,715,64,0.00833,133.8
3sum,40021f,716,36,0.00832,133.8
3sum,40021f,717,37,0.00831,133.8
3sum,40021f,718,67,0.00830,133.9
3sum,40021f,719,46,0.00829,133.9
3sum,40021f,720,78,0.00828,133.9
3sum,40021f,721,58,0.00826,133.8
3sum,40021f,722,63,0.00825,133.8
3sum,40021f,723,33,0.00824,133.8
3sum,40021f,724,34,0.00823,133.8
3sum,40021f,725,26,0.00822,133.7
3sum,40021f,726,68,0.00821,133.7
3sum,40021f,727,35,0.00820,133.8
3sum,40021f,728,36,0.00819,133.8
3sum,40021f,729,68,0.00818,134.0
3sum,40021f,730,68,0.00817,134.1
3sum,40021f,731,37,0.00816,134.3
3sum,40021f,732,76,0.00815,134.3
3sum,40021f,733,37,0.00814,134.3
3sum,40021f,734,37,0.00813,134.2
3sum,40021f,735,36,0.00812,134.2
3sum,40021f,736,80,0.00811,134.5
3sum,40021f,737,67,0.00810,134.5
3sum,40021f,738,69,0.00809,134.5
3sum,40021f,739,74,0.00808,134.4
3sum,40021f,740,38,0.00807,134.5
3sum,40021f,741,38,0.00806,134.6
3sum,40021f,742,65,0.00805,134.8
3sum,40021f,743,37,0.00804,134.9
3sum,40021f,744,75,0.00803,134.9
3sum,40021f,745,34,0.00802,134.8
3sum,40021f,746,37,0.00801,134.8
3sum,40021f,747,47,0.00800,134.6
3sum,40021f,748,34,0.00799,134.6
3sum,40021f,749,34,0.00798,134.6
3sum,40021f,750,40,0.00797,134.7
3sum,40021f,751,40,0.00796,134.6
3sum,40021f,752,44,0.00795,134.8
3sum,40021f,753,35,0.00794,134.8
3sum,40021f,754,25,0.00793,134.8
3sum,40021f,755,31,0.00792,134.8
3sum,40021f,756,75,0.00791,134.9
3sum,40021f,757,72,0.00790,134.8
3sum,40021f,758,31,0.00789,134.7
3sum,40021f,759,38,0.00788,134.8
3sum,40021f,760,32,0.00787,134.8
3sum,40021f,761,24,0.00786,134.8
3sum,40021f,762,34,0.00785,134.7
3sum,40021f,763,42,0.00784,134.7
3sum,40021f,764,30,0.00783,134.6
3sum,40021f,765,29,0.00782,134.6
3sum,40021f,766,34,0.00781,134.6
3sum,40021f,767,43,0.00780,134.6
3sum,40021f,768,79,0.00779,134.7
3sum,40021f,769,67,0.00778,134.6
3sum,40021f,770,34,0.00777,134.5
3sum,40021f,771,36,0.00776,134.4
3sum,40021f,772,36,0.00775,134.3
3sum,40021f,773,37,0.00774,134.3
3sum,40021f,774,34,0.00773,134.2
3sum,40021f,775,39,0.00773,134.2
3sum,40021f,776,68,0.00772,134.3
3sum,40021f,777,65,0.00771,134.2
3sum,40021f,778,37,0.00770,134.1
3sum,40021f,779,36,0.00769,134.1
3sum,40021f,780,29,0.00768,134.1
3sum,40021f,781,33,0.00767,134.1
3sum,40021f,782,37,0.00766,134.1
3sum,40021f,783,33,0.00765,134.1
3sum,40021f,784,39,0.00764,134.2
3sum,40021f,785,39,0.00763,134.2
3sum,40021f,786,34,0.00762,134.2
3sum,40021f,787,32,0.00762,134.3
3sum,40021f,788,45,0.00761,134.3
3sum,40021f,789,77,0.00760,134.4
3sum,40021f,790,43,0.00759,134.3
3sum,40021f,791,67,0.00758,134.4
3sum,40021f,792,79,0.00757,134.3
3sum,40021f,793,69,0.00756,134.2
3sum,40021f,794,30,0.00755,134.4
3sum,40021f,795,37,0.00754,134.4
3sum,40021f,796,40,0.00754,134.4
3sum,40021f,797,32,0.00753,134.4
3sum,40021f,798,31,0.00752,134.4
3sum,40021f,799,32,0.00751,134.4
3sum,40021f,800,38,0.00750,134.4
3sum,40021f,801,27,0.00749,134.4
3sum,40021f,802,28,0.00748,134.4
3sum,40021f,803,45,0.00747,134.5
3sum,40021f,804,66,0.00747,134.6
3sum,40021f,805,74,0.00746,134.7
3sum,40021f,806,43,0.00745,134.6
3sum,40021f,807,26,0.00744,134.6
3sum,40021f,808,33,0.00743,134.5
3sum,40021f,809,66,0.00742,134.7
3sum,40021f,810,40,0.00741,134.7
3sum,40021f,811,73,0.00741,134.6
3sum,40021f,812,37,0.00740,134.6
3sum,40021f,813,40,0.00739,134.6
3sum,40021f,814,34,0.00738,134.6
3sum,40021f,815,46,0.00737,134.5
3sum,40021f,816,34,0.00736,134.5
3sum,40021f,817,36,0.00736,134.5
3sum,40021f,818,32,0.00735,134.5
3sum,40021f,819,39,0.00734,134.6
3sum,40021f,820,34,0.00733,134.5
3sum,40021f,821,33,0.00732,134.5
3sum,40021f,822,36,0.00731,134.6
3sum,40021f,823,45,0.00731,134.6
3sum,40021f,824,34,0.00730,134.6
3sum,40021f,825,31,0.00729,134.6
3sum,40021f,826,33,0.00728,134.7
3sum,40021f,827,31,0.00727,134.6
3sum,40021f,828,39,0.00726,134.7
3sum,40021f,829,30,0.00726,134.7
3sum,40021f,830,30,0.00725,134.7
3sum,40021f,831,45,0.00724,134.7
3sum,40021f,832,79,0.00723,134.8
3sum,40021f,833,69,0.00722,134.7
3sum,40021f,834,35,0.00722,134.7
3sum,40021f,835,73,0.00721,134.8
3sum,40021f,836,35,0.00720,134.9
3sum,40021f,837,32,0.00719,134.9
3sum,40021f,838,69,0.00718,134.9
3sum,40021f,839,67,0.00718,134.9
3sum,40021f,840,76,0.00717,134.8
3sum,40021f,841,37,0.00716,134.9
3sum,40021f,842,33,0.00715,134.9
3sum,40021f,843,40,0.00714,134.9
3sum,40021f,844,74,0.00714,135.0
3sum,40021f,845,70,0.00713,134.9
3sum,40021f,846,30,0.00712,135.0
3sum,40021f,847,83,0.00711,135.2
3sum,40021f,848,69,0.00710,135.2
3sum,40021f,849,38,0.00710,135.3
3sum,40021f,850,28,0.00709,135.2
3sum,40021f,851,45,0.00708,135.1
3sum,40021f,852,35,0.00707,135.2
3sum,40021f,853,37,0.00707,135.2
3sum,40021f,854,31,0.00706,135.1
3sum,40021f,855,34,0.00705,135.2
3sum,40021f,856,35,0.00704,135.2
3sum,40021f,857,26,0.00704,135.2
3sum,40021f,858,31,0.00703,135.2
3sum,40021f,859,44,0.00702,135.2
3sum,40021f,860,64,0.00701,135.3
3sum,40021f,861,77,0.00701,135.3
3sum,40021f,862,38,0.00700,135.3
3sum,40021f,863,36,0.00699,135.3
3sum,40021f,864,47,0.00698,135.3
3sum,40021f,865,24,0.00698,135.3
3sum,40021f,866,36,0.00697,135.2
3sum,40021f,867,36,0.00696,135.2
3sum,40021f,868,35,0.00695,135.2
3sum,40021f,869,38,0.00695,135.2
3sum,40021f,870,35,0.00694,135.2
3sum,40021f,871,33,0.00693,135.2
3sum,40021f,872,34,0.00692,135.2
3sum,40021f,873,42,0.00692,135.2
3sum,40021f,874,73,0.00691,135.3
3sum,40021f,875,44,0.00690,135.4
3sum,40021f,876,66,0.00689,135.3
3sum,40021f,877,29,0.00688,135.3
3sum,40021f,878,63,0.00687,135.3
3sum,40021f,879,76,0.00687,135.2
3sum,40021f,880,62,0.00686,135.2
3sum,40021f,881,66,0.00685,135.1
3sum,40021f,882,37,0.00684,135.1
3sum,40021f,883,35,0.00684,135.0
3sum,40021f,884,32,0.00683,135.0
3sum,40021f,885,73,0.00682,135.3
3sum,40021f,886,65,0.00682,135.2
3sum,40021f,887,33,0.00681,135.2
3sum,40021f,888,44,0.00680,135.2
3sum,40021f,889,38,0.00679,135.2
3sum,40021f,890,79,0.00679,135.3
3sum,40021f,891,70,0.00678,135.2
3sum,40021f,892,37,0.00677,135.2
3sum,40021f,893,33,0.00677,135.1
3sum,40021f,894,45,0.00676,135.1
3sum,40021f,895,41,0.00675,135.1
3sum,40021f,896,33,0.00675,135.1
3sum,40021f,897,35,0.00674,135.2
3sum,40021f,898,35,0.00673,135.1
3sum,40021f,899,35,0.00672,135.1
3sum,40021f,900,29,0.00672,135.1
3sum,40021f,901,31,0.00671,135.1
3sum,40021f,902,37,0.00670,135.1
3sum,40021f,903,41,0.00670,135.1
3sum,40021f,904,71,0.00669,135.2
3sum,40021f,905,67,0.00668,135.2
3sum,40021f,906,38,0.00668,135.2
3sum,40021f,907,33,0.00667,135.2
3sum,40021f,908,44,0.00666,135.3
3sum,40021f,909,40,0.00666,135.2
3sum,40021f,910,35,0.00665,135.1
3sum,40021f,911,39,0.00664,135.1
3sum,40021f,912,72,0.00664,135.2
3sum,40021f,913,70,0.00663,135.2
3sum,40021f,914,39,0.00662,135.2
3sum,40021f,915,71,0.00662,135.3
3sum,40021f,916,70,0.00661,135.2
3sum,40021f,917,30,0.00660,135.2
3sum,40021f,918,44,0.00660,135.2
3sum,40021f,919,36,0.00659,135.1
3sum,40021f,920,34,0.00658,135.1
3sum,40021f,921,34,0.00658,135.1
3sum,40021f,922,34,0.00657,135.1
3sum,40021f,923,35,0.00656,135.0
3sum,40021f,924,35,0.00656,135.0
3sum,40021f,925,26,0.00655,135.0
3sum,40021f,926,38,0.00654,135.0
3sum,40021f,927,74,0.00654,135.1
3sum,40021f,928,78,0.00653,135.0
3sum,40021f,929,37,0.00652,135.0
3sum,40021f,930,44,0.00652,135.0
3sum,40021f,931,38,0.00651,135.0
3sum,40021f,932,73,0.00650,135.1
3sum,40021f,933,75,0.00650,135.1
3sum,40021f,934,39,0.00649,135.1
3sum,40021f,935,28,0.00649,135.1
3sum,40021f,936,78,0.00648,135.2
3sum,40021f,937,68,0.00647,135.1
3sum,40021f,938,34,0.00647,135.1
3sum,40021f,939,40,0.00646,135.1
3sum,40021f,940,41,0.00645,135.1
3sum,40021f,941,38,0.00645,135.0
3sum,40021f,942,42,0.00644,135.0
3sum,40021f,943,84,0.00643,135.2
3sum,40021f,944,76,0.00643,135.2
3sum,40021f,945,37,0.00642,135.2
3sum,40021f,946,43,0.00642,135.1
3sum,40021f,947,69,0.00641,135.2
3sum,40021f,948,76,0.00640,135.1
3sum,40021f,949,33,0.00640,135.1
3sum,40021f,950,42,0.00639,135.1
3sum,40021f,951,37,0.00638,135.1
3sum,40021f,952,37,0.00638,135.0
3sum,40021f,953,33,0.00637,135.0
3sum,40021f,954,35,0.00637,135.0
3sum,40021f,955,46,0.00636,135.0
3sum,40021f,956,75,0.00635,135.2
3sum,40021f,957,70,0.00635,135.2
3sum,40021f,958,38,0.00634,135.1
3sum,40021f,959,41,0.00634,135.1
3sum,40021f,960,39,0.00633,135.1
3sum,40021f,961,39,0.00632,135.2
3sum,40021f,962,33,0.00632,135.2
3sum,40021f,963,39,0.00631,135.2
3sum,40021f,964,39,0.00631,135.1
3sum,40021f,965,32,0.00630,135.1
3sum,40021f,966,71,0.00629,135.2
3sum,40021f,967,66,0.00629,135.2
3sum,40021f,968,35,0.00628,135.3
3sum,40021f,969,71,0.00628,135.4
3sum,40021f,970,76,0.00627,135.4
3sum,40021f,971,36,0.00626,135.3
3sum,40021f,972,38,0.00626,135.3
3sum,40021f,973,66,0.00625,135.5
3sum,40021f,974,75,0.00625,135.4
3sum,40021f,975,28,0.00624,135.4
3sum,40021f,976,51,0.00623,135.4
3sum,40021f,977,38,0.00623,135.4
3sum,40021f,978,66,0.00622,135.6
3sum,40021f,979,67,0.00622,135.6
3sum,40021f,980,72,0.00621,135.6
3sum,40021f,981,67,0.00621,135.5
3sum,40021f,982,33,0.00620,135.7
3sum,40021f,983,70,0.00619,135.8
3sum,40021f,984,68,0.00619,135.8
3sum,40021f,985,41,0.00618,135.9
3sum,40021f,986,35,0.00618,135.8
3sum,40021f,987,43,0.00617,135.8
3sum,40021f,988,40,0.00616,135.7
3sum,40021f,989,39,0.00616,135.8
3sum,40021f,990,40,0.00615,135.8
3sum,40021f,991,76,0.00615,136.0
3sum,40021f,992,69,0.00614,136.0
3sum,40021f,993,36,0.00614,135.9
3sum,40021f,994,38,0.00613,135.9
3sum,40021f,995,33,0.00612,135.9
3sum,40021f,996,26,0.00612,135.8
3sum,40021f,997,32,0.00611,135.9
3sum,40021f,998,37,0.00611,135.9
3sum,40021f,999,76,0.00610,135.9
3sum,40021f,1000,73,0.00610,135.8
3sum,400248,0,0,0.00000,0.00000
3sum,400248,1,0,7015.99,0.00000
3sum,400248,2,0,6988.78,0.00000
